Business_Category,Theme,Business_Opportunity,Count
9,"EV Charging Experience: CPO Performance, Pricing, and Infrastructure Gaps","Differentiate with Transparent and Competitive Pricing: Capitalize on user dissatisfaction with fluctuating CPO prices by offering stable, value-driven charging plans through Tata Power EZ Charge, potentially with EV purchase bundles for Tata EV owners.",18453
9,"EV Charging Experience: CPO Performance, Pricing, and Infrastructure Gaps","Enhance In-Vehicle and App-Based Range Prediction: Leverage the concern over inaccurate range to develop and promote highly reliable, context-aware range estimates for Tata EVs, integrated into vehicle systems and the Tata Power EZ Charge app.",18453
9,"EV Charging Experience: CPO Performance, Pricing, and Infrastructure Gaps","Optimize and Communicate Curvv EV Charging Performance: Investigate discrepancies between expected and observed charging rates (e.g., 70kW vs. 27kW for Curvv EV on Statiq). Clearly communicate optimal charging practices and compatible high-speed chargers to Curvv EV owners.",18453
9,"EV Charging Experience: CPO Performance, Pricing, and Infrastructure Gaps","Strategic Expansion of Tata Power EZ Charge Network: Prioritize expansion of highway charging infrastructure, incorporating essential amenities like canopies, to address user demand and differentiate from competitors.",18453
9,"EV Charging Experience: CPO Performance, Pricing, and Infrastructure Gaps","Lead in Customer Engagement and Support: Set a new standard for CPO community management and direct customer support through Tata Power EZ Charge, fostering trust and loyalty among Tata EV owners.",18453
2,"Indian EV Adoption, Infrastructure Challenges, and Future Growth Opportunities",Introduce and promote attractive financing options like 'No Interest EMI' for EV purchases.,17751
2,"Indian EV Adoption, Infrastructure Challenges, and Future Growth Opportunities","Explore and lead initiatives for EV exports from India, collaborating with industry bodies like EEPC and iFEVA.",17751
2,"Indian EV Adoption, Infrastructure Challenges, and Future Growth Opportunities","Develop and disseminate educational content comparing battery technologies (e.g., Lithium vs. Lead-acid) to highlight the benefits of modern EV batteries.",17751
2,"Indian EV Adoption, Infrastructure Challenges, and Future Growth Opportunities","Develop tiered EV product lines and services (similar to 'Arcade EV,' 'Prime,' 'Max' mentioned by competitors) with varied feature sets.",17751
2,"Indian EV Adoption, Infrastructure Challenges, and Future Growth Opportunities",Forge partnerships with hospitality businesses and properties to establish and promote EV-friendly charging points.,17751
2,"Indian EV Adoption, Infrastructure Challenges, and Future Growth Opportunities","Invest in R&D for advanced charging technologies, including higher power chargers and innovative station designs (e.g., 'gun handling').",17751
2,"Indian EV Adoption, Infrastructure Challenges, and Future Growth Opportunities",Explore collaborations or partnerships with battery swapping providers like Sun Mobility.,17751
2,"Indian EV Adoption, Infrastructure Challenges, and Future Growth Opportunities",Implement targeted marketing strategies to attract existing EV owners to Tata charging infrastructure and encourage ICE vehicle owners (especially corporate employees) to switch to Tata EVs.,17751
2,"Indian EV Adoption, Infrastructure Challenges, and Future Growth Opportunities",Enhance community engagement and communication channels for sharing updates on new charging stations and services.,17751
2,"Indian EV Adoption, Infrastructure Challenges, and Future Growth Opportunities","Leverage multi-EV owners (including those owning competitive models) for product feedback, advocacy, and community building.",17751
2,"Indian EV Adoption, Infrastructure Challenges, and Future Growth Opportunities","Consider entry into the EV commercial vehicle segment, starting with EV trucks.",17751
11,Challenges and Growth of the Indian EV Ecosystem,"**Enhance Charging Network Reliability**: Tata Motors can differentiate by ensuring its Tata Power EZ Charge network maintains a very high operational uptime and provides transparent, real-time status updates, addressing a major customer pain point. Focus on CCS2 compatibility.",13440
11,Challenges and Growth of the Indian EV Ecosystem,"**Strategic Partnership for EV Financing**: Collaborate with financial institutions to offer quick and streamlined loan processes for EV buyers, potentially extending competitive financing for their 2-wheeler and 4-wheeler segments.",13440
11,Challenges and Growth of the Indian EV Ecosystem,"**Promote Superior Battery Technology**: Actively market the benefits of lithium-ion batteries in Tata EVs, emphasizing longer warranties, reduced charging times, and improved performance to justify pricing and combat lead-acid alternatives.",13440
11,Challenges and Growth of the Indian EV Ecosystem,"**Expand in Emerging EV Segments**: Leverage the 'decade of L3 & L5 Auto' by strengthening or entering these commercial EV segments, potentially through new product offerings or ecosystem solutions.",13440
11,Challenges and Growth of the Indian EV Ecosystem,"**Develop Charging 'Experience Hubs'**: Explore the concept of larger charging stations (even if not 30 acres) that include basic amenities (restrooms, F&B, waiting areas) to improve the customer experience during charging sessions.",13440
11,Challenges and Growth of the Indian EV Ecosystem,"**Improve Customer Support Integration**: Strengthen the 'Tata.ev Unified Charging Call Centre' to provide seamless support for charging issues and general EV queries, enhancing overall customer satisfaction.",13440
11,Challenges and Growth of the Indian EV Ecosystem,**Local Manufacturing and Distribution**: Highlight 'Made in India' efforts (like Exicom) and expand distribution points (like Sampoorn EV's Umang Ventures) to strengthen regional presence and supply chains.,13440
4,"EV Charging Infrastructure: Expansion, Reliability, and User Experience in India","Strategic expansion into identified underserved markets (Maharashtra interiors, North East corridor, Hospet/Hampi, Ponda Goa, specific new highway routes like NH844, AP & TG beyond major cities, KA-TN-Kerala highway connections, Odisha border).",12031
4,"EV Charging Infrastructure: Expansion, Reliability, and User Experience in India","Developing and deploying comprehensive residential society charging solutions, potentially partnering with real estate developers or apartment associations.",12031
4,"EV Charging Infrastructure: Expansion, Reliability, and User Experience in India","Investing in robust maintenance and monitoring systems to ensure high uptime and quick activation of chargers, building trust and reliability.",12031
4,"EV Charging Infrastructure: Expansion, Reliability, and User Experience in India","Implementing smart pricing models (like telescopic pricing) to optimize charger utilization, manage demand effectively, and improve overall customer satisfaction.",12031
4,"EV Charging Infrastructure: Expansion, Reliability, and User Experience in India","Developing charging 'hubs' that integrate amenities (food, rest areas) to enhance the user experience during charging stops.",12031
4,"EV Charging Infrastructure: Expansion, Reliability, and User Experience in India",Improving visibility and accuracy of charging station information on apps and through highway signage.,12031
4,"EV Charging Infrastructure: Expansion, Reliability, and User Experience in India","Exploring cross-border EV charging infrastructure, as highlighted by successful India-Nepal EV journeys.",12031
4,"EV Charging Infrastructure: Expansion, Reliability, and User Experience in India",Partnerships with fuel pump owners and other businesses at strategic highway locations to set up charging stations with existing facilities.,12031
1,EV Charging Infrastructure & User Experience,"**Strategic Partnerships for Network Expansion**: Collaborate with CPOs to aggressively expand reliable charging infrastructure, especially in identified underserved regions (South India, internal regions) to support Tata EV sales growth.",10584
1,EV Charging Infrastructure & User Experience,"**Enhance OEM-CPO Integration**: Work with CPOs to ensure a seamless charging experience for Tata EV owners, potentially through integrated payment solutions or preferred network access.",10584
1,EV Charging Infrastructure & User Experience,**Promotional & Loyalty Programs**: Develop joint promotional campaigns with CPOs or introduce exclusive benefits for Tata EV owners at partner charging stations.,10584
1,EV Charging Infrastructure & User Experience,"**Robust Customer Support Framework**: Invest in or partner for a dedicated, highly responsive customer support and RSA system tailored for EV charging issues faced by Tata EV customers.",10584
1,EV Charging Infrastructure & User Experience,"**Advocate for Interoperability**: Support initiatives or develop solutions that promote a unified charging experience (e.g., single authentication/payment) across various CPO networks.",10584
1,EV Charging Infrastructure & User Experience,"**Promote Sustainable Charging Solutions**: Champion and potentially invest in CPOs deploying chargers with power backup (e.g., solar + storage) to enhance reliability, especially in remote or power-scarce locations.",10584
1,EV Charging Infrastructure & User Experience,"**Feedback Mechanism Development**: Establish formal and accessible channels for Tata EV users to provide feedback on charging infrastructure, directly influencing improvements.",10584
1,EV Charging Infrastructure & User Experience,**Educate CPOs/Owners on Operational Upkeep**: Engage with CPOs and station owners (especially those at fuel stations) on the financial benefits and best practices for charger upkeep and maintenance.,10584
15,"EV Charging Infrastructure, User Experience, and Payment Mechanisms","Enhance charger reliability and perform proactive maintenance to address software/firmware issues and improve uptime, building user trust.",9981
15,"EV Charging Infrastructure, User Experience, and Payment Mechanisms","Develop a unified or streamlined RFID card solution for Tata Motors' ecosystem, potentially partnering with major CPOs for easier access and management.",9981
15,"EV Charging Infrastructure, User Experience, and Payment Mechanisms","Integrate advanced data display features into the iRA app, such as real-time charging limits, charging curves, and more accurate charger status to improve user experience and planning.",9981
15,"EV Charging Infrastructure, User Experience, and Payment Mechanisms","Expand and optimize the charging network, specifically focusing on ensuring new installations are operational promptly and publicly accessible 7.2 kW AC chargers are clearly listed.",9981
15,"EV Charging Infrastructure, User Experience, and Payment Mechanisms","Explore direct payment integration within the iRA app, potentially enabling in-app charging initiation and support for UPI/card payments via existing RFID hardware.",9981
15,"EV Charging Infrastructure, User Experience, and Payment Mechanisms","Implement clear protocols and user-friendly features for secure and authorized charging gun release, addressing user concerns about control.",9981
15,"EV Charging Infrastructure, User Experience, and Payment Mechanisms",Invest in charging infrastructure solutions like 'charger on wheels' or robust stabilizers to tackle range anxiety and unreliable grid conditions.,9981
15,"EV Charging Infrastructure, User Experience, and Payment Mechanisms",Collaborate with CPOs to ensure consistent pricing and transparent information dissemination across the charging ecosystem.,9981
0,"Challenges and expectations surrounding EV charging infrastructure, focusing on reliability, app functionality, and network expansion.","Strategic partnerships with reliable CPOs (Charging Point Operators) like Statiq, Zeon, ChargeZone, and Gentari to expand Tata's accessible charging network.",7955
0,"Challenges and expectations surrounding EV charging infrastructure, focusing on reliability, app functionality, and network expansion.","Investment in improving the reliability and maintenance of Tata Power EZ Charge network chargers, ensuring high uptime and prompt repairs.",7955
0,"Challenges and expectations surrounding EV charging infrastructure, focusing on reliability, app functionality, and network expansion.","Enhancing Tata Power EZ Charge app with real-time status updates, user fault reporting features, and transparent pricing across partner networks.",7955
0,"Challenges and expectations surrounding EV charging infrastructure, focusing on reliability, app functionality, and network expansion.","Developing comprehensive customer education and support programs for charging, including troubleshooting guides and dedicated support for critical errors like 'HV critical error'.",7955
0,"Challenges and expectations surrounding EV charging infrastructure, focusing on reliability, app functionality, and network expansion.","Leveraging Tata Motors' existing showroom and service center network to install more public charging points, mirroring positive customer feedback.",7955
0,"Challenges and expectations surrounding EV charging infrastructure, focusing on reliability, app functionality, and network expansion.","Exploring partnerships with hospitality and retail establishments for charger installations in strategic locations, addressing geographical gaps.",7955
0,"Challenges and expectations surrounding EV charging infrastructure, focusing on reliability, app functionality, and network expansion.","Promoting seamless interoperability and potentially integrated payment solutions across different charging networks, offering users cost-effective choices.",7955
0,"Challenges and expectations surrounding EV charging infrastructure, focusing on reliability, app functionality, and network expansion.",Investigating and providing solutions or collaborations for 'HV critical error' issues with high-power chargers to instill customer confidence.,7955
6,"EV Charging Infrastructure: Reliability, Pricing, and User Experience with Tata Motors/Tata Power","Premium Charging Network: Invest significantly in upgrading charger capacity (to 175kW+) and reliability to offer a premium, reliable service that can justify higher pricing or attract more users.",6562
6,"EV Charging Infrastructure: Reliability, Pricing, and User Experience with Tata Motors/Tata Power","Strategic Partnerships: Leverage existing collaborations with Statiq and Chargezone to expand network access, improve pricing consistency, and enhance the overall user experience.",6562
6,"EV Charging Infrastructure: Reliability, Pricing, and User Experience with Tata Motors/Tata Power","Showroom Charging Hubs: Transform Tata showrooms into prominent public charging hubs by installing high-capacity chargers, enhancing brand image, and creating new revenue streams.",6562
6,"EV Charging Infrastructure: Reliability, Pricing, and User Experience with Tata Motors/Tata Power",Crowdsourced Location Planning: Actively engage with the EV community to identify and prioritize strategic locations for new high-capacity charger deployment.,6562
6,"EV Charging Infrastructure: Reliability, Pricing, and User Experience with Tata Motors/Tata Power","App Monetization & Enhancement: Revamp the EZ Charge app to be a leading, user-friendly EV charging platform, potentially offering loyalty programs, seamless third-party CPO integration, and subscription models.",6562
6,"EV Charging Infrastructure: Reliability, Pricing, and User Experience with Tata Motors/Tata Power","Dedicated & Responsive Support: Implement a highly responsive customer support system for charger issues, possibly with remote diagnostics, to reduce customer frustration and escalation.",6562
6,"EV Charging Infrastructure: Reliability, Pricing, and User Experience with Tata Motors/Tata Power","Capitalize on Remote Presence: Ensure reliability and competitive pricing for chargers in remote/last-mile locations, leveraging this unique advantage for long-distance EV travel.",6562
6,"EV Charging Infrastructure: Reliability, Pricing, and User Experience with Tata Motors/Tata Power","Vehicle-Charging Integration: Address and resolve potential car-specific 'tantrums' or issues experienced by Tata EVs during fast charging, ensuring seamless compatibility.",6562
6,"EV Charging Infrastructure: Reliability, Pricing, and User Experience with Tata Motors/Tata Power",Standardized Pricing Model: Develop a more competitive and standardized pricing model for Tata Power chargers across locations.,6562
13,"EV Charging Experience: App Functionality, Infrastructure Reliability, and Power Output Accuracy","**Enhance First-Party App Experience**: Develop a robust, user-friendly Tata Motors charging app (or integrate deeply with a partner app) that provides real-time, accurate data on charger availability, power output, and allows for advanced user control (start/stop, disable/enable features, order services).",5914
13,"EV Charging Experience: App Functionality, Infrastructure Reliability, and Power Output Accuracy","**Strategic CPO Partnerships**: Collaborate with CPOs known for reliability and excellent customer support, such as Zeon, to expand the charging network and ensure high service standards. Learn from their best practices (e.g., quick support, diligence).",5914
13,"EV Charging Experience: App Functionality, Infrastructure Reliability, and Power Output Accuracy","**Quality Assurance of Charging Infrastructure**: Work with CPOs to ensure advertised power outputs accurately reflect actual delivered power and improve maintenance/reliability of chargers, reducing discrepancies.",5914
13,"EV Charging Experience: App Functionality, Infrastructure Reliability, and Power Output Accuracy","**Standardized Information & User Experience**: Advocate for or develop a platform that standardizes charger information (power, status, location, amenities) across different CPOs, potentially an 'ONDC-like' model for the EV charging ecosystem.",5914
13,"EV Charging Experience: App Functionality, Infrastructure Reliability, and Power Output Accuracy","**Value-Added Services at Charging Hubs**: Explore partnerships for integrating food options, canopies, and other amenities at charging locations to improve the overall customer experience and attract more users.",5914
13,"EV Charging Experience: App Functionality, Infrastructure Reliability, and Power Output Accuracy",**Improved Customer Support Integration**: Provide better training for customer service teams regarding common charging issues and integrate in-app support for faster and more accurate resolution.,5914
13,"EV Charging Experience: App Functionality, Infrastructure Reliability, and Power Output Accuracy","**Transparent Communication**: Be proactive in communicating any power limitations or issues with charging stations through the app or directly, building user trust.",5914
8,"Tata Motors EV Ecosystem: Charging Infrastructure, Customer Experience, Vehicle Quality, and Market Challenges","Enhance and standardize the reliability, transparency, and speed of charging infrastructure to meet advertised claims and improve user experience.",5812
8,"Tata Motors EV Ecosystem: Charging Infrastructure, Customer Experience, Vehicle Quality, and Market Challenges","Improve customer service responsiveness and efficiency across Tata Motors and Tata Power, including increasing service center capacity.",5812
8,"Tata Motors EV Ecosystem: Charging Infrastructure, Customer Experience, Vehicle Quality, and Market Challenges","Proactively communicate updates and resolutions for customer-reported issues, particularly regarding charging infrastructure and coupon systems.",5812
8,"Tata Motors EV Ecosystem: Charging Infrastructure, Customer Experience, Vehicle Quality, and Market Challenges",Address the recent data breach transparently and implement stronger data security measures to rebuild customer trust.,5812
8,"Tata Motors EV Ecosystem: Charging Infrastructure, Customer Experience, Vehicle Quality, and Market Challenges","Develop more competitive and flexible charging pricing models, potentially including loyalty programs for all EV users, not just Tata owners.",5812
8,"Tata Motors EV Ecosystem: Charging Infrastructure, Customer Experience, Vehicle Quality, and Market Challenges","Leverage co-branding success (e.g., with Shell) to further expand a reliable and accessible charging network.",5812
8,"Tata Motors EV Ecosystem: Charging Infrastructure, Customer Experience, Vehicle Quality, and Market Challenges","Capitalize on the growing EV market by continuing to innovate and introduce advanced features like in-car payment across more models, staying ahead of competition.",5812
8,"Tata Motors EV Ecosystem: Charging Infrastructure, Customer Experience, Vehicle Quality, and Market Challenges",Develop and promote specific 'charging packages' or subscription models to streamline user experience and potentially generate new revenue streams.,5812
8,"Tata Motors EV Ecosystem: Charging Infrastructure, Customer Experience, Vehicle Quality, and Market Challenges",Focus on fundamental vehicle engineering improvements to counter perceptions of 'poor engineering' and enhance product quality.,5812
5,"Electric Vehicle Charging Infrastructure, Vehicle Performance, and User Experience","Invest in developing and deploying more reliable, weatherproof, and user-friendly charging infrastructure.",4769
5,"Electric Vehicle Charging Infrastructure, Vehicle Performance, and User Experience",Streamline the charging process with automated features and intuitive interfaces.,4769
5,"Electric Vehicle Charging Infrastructure, Vehicle Performance, and User Experience","Address specific vehicle feature gaps, such as upgrading Nexon EV headlights for improved safety and driving experience.",4769
5,"Electric Vehicle Charging Infrastructure, Vehicle Performance, and User Experience","Offer enhanced UI/UX options in vehicles, including customization for gesture controls.",4769
5,"Electric Vehicle Charging Infrastructure, Vehicle Performance, and User Experience",Provide clearer communication and education on vehicle charging capabilities and optimal practices.,4769
5,"Electric Vehicle Charging Infrastructure, Vehicle Performance, and User Experience",Explore partnerships or internal initiatives to improve charging site design and maintenance.,4769
5,"Electric Vehicle Charging Infrastructure, Vehicle Performance, and User Experience","Advocate for favorable government policies and infrastructure development, potentially collaborating with discoms.",4769
5,"Electric Vehicle Charging Infrastructure, Vehicle Performance, and User Experience",Innovate with faster charging technology for new models and consider upgrades for existing ones.,4769
5,"Electric Vehicle Charging Infrastructure, Vehicle Performance, and User Experience","Offer comprehensive tyre recommendations and potentially OEM-approved options for specific EV models (e.g., Punch EV LR).",4769
10,"EV User Experience: Charging Infrastructure, Headlight Performance, and Warranty Concerns","Develop and market a range of official extended warranty packages (e.g., 3-year, 5-year paid upgrades) for critical EV components, highlighting protection against high repair costs.",3706
10,"EV User Experience: Charging Infrastructure, Headlight Performance, and Warranty Concerns","Introduce OEM-approved performance accessory upgrades, specifically for improved headlight systems in models like Nexon EV 45, ensuring warranty compliance and safety.",3706
10,"EV User Experience: Charging Infrastructure, Headlight Performance, and Warranty Concerns","Partner with charging infrastructure providers (e.g., BPCL, IOCL, Jio-BP, state electricity boards) to ensure better monitoring, maintenance, and reliability of fast chargers, potentially co-branding reliable charging stations.",3706
10,"EV User Experience: Charging Infrastructure, Headlight Performance, and Warranty Concerns","Offer certified home charging installation services, including proper earthing solutions (copper rods, salt fillers), MCB box checks, and installation of RCCB/RCBO for enhanced safety.",3706
10,"EV User Experience: Charging Infrastructure, Headlight Performance, and Warranty Concerns","Launch educational campaigns for EV owners on warranty terms, safe modification practices, and the benefits of using genuine parts and official service centers to preserve warranty.",3706
10,"EV User Experience: Charging Infrastructure, Headlight Performance, and Warranty Concerns","Provide clear, proactive communication and real-world performance data to manage customer expectations regarding range efficiency for new EV models with larger battery packs.",3706
7,"EV Charging Costs, GST Application, and Pricing Transparency","Offer competitive and transparent charging services with clear, 'inclusive-of-GST' pricing structures.",3492
7,"EV Charging Costs, GST Application, and Pricing Transparency",Lead industry advocacy efforts to lobby the government for a reduction in GST on EV charging to 5%.,3492
7,"EV Charging Costs, GST Application, and Pricing Transparency","Develop innovative, user-friendly, and value-driven subscription models that address existing pain points.",3492
7,"EV Charging Costs, GST Application, and Pricing Transparency","Enhance billing system transparency, clearly differentiating between electricity and service components for GST calculations.",3492
7,"EV Charging Costs, GST Application, and Pricing Transparency",Invest in cost-efficient charging infrastructure to enable lower per-unit pricing for end-consumers.,3492
7,"EV Charging Costs, GST Application, and Pricing Transparency",Integrate seamless charging payment solutions that provide real-time cost breakdowns including GST.,3492
14,"Tata EV User Experience: Focus on Charging, Services, and Brand Perception",Further expand and standardize the co-branded charging infrastructure while simplifying discount availing processes for Tata EV owners.,3020
14,"Tata EV User Experience: Focus on Charging, Services, and Brand Perception","Launch targeted marketing campaigns to address negative brand perceptions, emphasizing value, technology, and actual owner satisfaction.",3020
14,"Tata EV User Experience: Focus on Charging, Services, and Brand Perception","Invest in significantly expanding the service center network, especially in Tier 2/3 cities and remote areas, to alleviate breakdown anxiety.",3020
14,"Tata EV User Experience: Focus on Charging, Services, and Brand Perception","Establish a transparent and effective customer feedback loop, demonstrating how feedback influences product and service improvements.",3020
14,"Tata EV User Experience: Focus on Charging, Services, and Brand Perception","Develop and offer a wider range of high-quality, company-fitted accessories through dealerships.",3020
14,"Tata EV User Experience: Focus on Charging, Services, and Brand Perception",Prioritize and invest in seamless integration of leading smartphone connectivity platforms like Apple CarPlay and Android Auto.,3020
14,"Tata EV User Experience: Focus on Charging, Services, and Brand Perception",Streamline discount programs and app functionalities to provide a truly hassle-free experience for users.,3020
16,"EV Charging Payment Systems, Infrastructure Reliability, and User Experience","Develop or integrate a universal UPI-based payment solution for Tata Motors' charging network, potentially extending it to partner networks, positioning Tata as a leader in user-friendly charging.",2746
16,"EV Charging Payment Systems, Infrastructure Reliability, and User Experience","Explore offering value-added services at manned charging hubs, such as car cleaning, waiting lounges, or F&B, to enhance the customer experience and create additional revenue streams.",2746
16,"EV Charging Payment Systems, Infrastructure Reliability, and User Experience","Implement advanced remote monitoring and proactive maintenance systems for charging infrastructure to significantly improve uptime and reliability, differentiating Tata's charging network.",2746
16,"EV Charging Payment Systems, Infrastructure Reliability, and User Experience","Partner with UPI Lite, credit card, and debit card providers for direct integration, offering diverse and convenient payment options without relying on wallets.",2746
16,"EV Charging Payment Systems, Infrastructure Reliability, and User Experience","Standardize and publicize a transparent, customer-friendly wallet refund policy across all Tata-associated charging partners.",2746
16,"EV Charging Payment Systems, Infrastructure Reliability, and User Experience",Leverage Google Maps OCPI integration to ensure seamless discoverability and payment functionality through widely used platforms.,2746
16,"EV Charging Payment Systems, Infrastructure Reliability, and User Experience",Introduce subscription or membership models that reduce reliance on individual wallet top-ups.,2746
3,EV Charging Infrastructure & OEM Performance in India,"**Expand High-Speed DCFC Network:** Capitalize on the strong demand for widespread, high-speed (150kW+) DCFC, building on Tata's already positive reputation in this area (e.g., Zeon collaborations).",2454
3,EV Charging Infrastructure & OEM Performance in India,"**Champion Open-Access Charging:** Differentiate Tata Motors by maintaining and expanding open-access charging networks, contrasting with competitors perceived as restrictive (e.g., Maruti).",2454
3,EV Charging Infrastructure & OEM Performance in India,"**Highlight Service & Reliability:** Emphasize Tata's established service network, build quality, and reliability, especially given the extensive complaints against Mahindra's products and after-sales service.",2454
3,EV Charging Infrastructure & OEM Performance in India,"**Competitive Sub-20 Lakh EV Segment:** Develop and promote more EVs in the sub-20 lakh segment to meet consumer demand for affordable yet capable options, potentially outmaneuvering Mahindra.",2454
3,EV Charging Infrastructure & OEM Performance in India,"**Showcase Advanced Architecture & Tech:** Promote Tata's superior battery architecture (e.g., higher voltage systems if applicable) and stable in-car software, implicitly contrasting with reported issues and lower voltage systems from competitors.",2454
3,EV Charging Infrastructure & OEM Performance in India,"**Customer-Centric Charging Experience:** Further integrate seamless UPI payment options and consider enhancing the overall user experience at charging stations, possibly through staffed facilities, aligning with local preferences.",2454
3,EV Charging Infrastructure & OEM Performance in India,"**Leverage Brand Perception:** Reinforce the perception that 'Tata is better than Mahindra' through consistent product quality, superior charging infrastructure, and excellent customer service.",2454
3,EV Charging Infrastructure & OEM Performance in India,"**Transparent Safety Communication:** Maintain clear and transparent communication regarding vehicle safety and battery integrity, especially given competitor incidents and non-specific responses.",2454
17,EV Charging Costs & Vehicle Reliability,"Tata Motors can differentiate itself by offering competitive, transparent, and clearly justified EV charging pricing models (e.g., Time-of-Day pricing, comprehensive cost breakdowns) to address market dissatisfaction.",2214
17,EV Charging Costs & Vehicle Reliability,"Invest immediately in improving vehicle painting processes and rust prevention measures across all models to enhance product quality and reliability, directly addressing a critical customer concern and brand perception issue.",2214
17,EV Charging Costs & Vehicle Reliability,Strengthen customer support infrastructure and training to ensure better accessibility and more responsive issue resolution.,2214
17,EV Charging Costs & Vehicle Reliability,"Develop and provide clear guidance, tools, or even services to assist customers with sanctioned vs. connected electrical load management for home EV charging, potentially collaborating with DISCOMs.",2214
17,EV Charging Costs & Vehicle Reliability,Explore and offer innovative charging solutions such as temporary or emergency EV charging setups with transparent pricing for specific use cases.,2214
17,EV Charging Costs & Vehicle Reliability,Leverage promotional offers like free charging for new EV buyers to attract and retain customers amidst pricing concerns.,2214
12,"EV Ownership Experience: Focus on Long-Distance Travel, Charging Infrastructure, Service, and Warranty","Develop and heavily promote a best-in-class EV trip planner application, potentially integrated with the Tata Power EZ Charge network, offering real-time charger status and detailed route information.",1933
12,"EV Ownership Experience: Focus on Long-Distance Travel, Charging Infrastructure, Service, and Warranty","Accelerate the expansion of the Tata Power EZ Charge (Zeon) network into 'logical extension' routes and key connecting corridors, ensuring timely activation.",1933
12,"EV Ownership Experience: Focus on Long-Distance Travel, Charging Infrastructure, Service, and Warranty","Create targeted educational campaigns and simplified documentation to clarify battery warranty terms, including specific examples of 'accidental damage' to build customer trust.",1933
12,"EV Ownership Experience: Focus on Long-Distance Travel, Charging Infrastructure, Service, and Warranty","Implement a 'future-proof' purchase incentive or communication strategy that acknowledges upcoming facelifts, perhaps through early-bird offers or clear disclosure timelines.",1933
12,"EV Ownership Experience: Focus on Long-Distance Travel, Charging Infrastructure, Service, and Warranty","Enhance the customer experience at charging locations by investing in basic amenities like shade, seating, and restrooms, particularly in high-traffic or extreme weather zones.",1933
12,"EV Ownership Experience: Focus on Long-Distance Travel, Charging Infrastructure, Service, and Warranty","Offer flexible and transparent service packages (e.g., 2-year, 3-year plans) that cater to varying customer needs and usage patterns.",1933
12,"EV Ownership Experience: Focus on Long-Distance Travel, Charging Infrastructure, Service, and Warranty",Leverage existing long-distance EV owners as brand ambassadors or community guides to assist new EV users with trip planning and best practices.,1933
19,"EV Charging Infrastructure & User Experience, Vehicle Features & Maintenance","Invest strategically in deploying and maintaining a comprehensive network of reliable, high-speed charging stations, ensuring high uptime.",1827
19,"EV Charging Infrastructure & User Experience, Vehicle Features & Maintenance",Collaborate with existing petrol pump networks and OMCs to resolve infrastructure disputes and accelerate charger deployment and maintenance.,1827
19,"EV Charging Infrastructure & User Experience, Vehicle Features & Maintenance","Develop and disseminate clear, EV-specific maintenance guides (e.g., tyre pressure recommendations) through manuals, apps, or service centers.",1827
19,"EV Charging Infrastructure & User Experience, Vehicle Features & Maintenance","Introduce flexible extended warranty options that accommodate high-mileage EV users, potentially with higher kilometer limits.",1827
19,"EV Charging Infrastructure & User Experience, Vehicle Features & Maintenance",Implement a strong customer support system and remote monitoring for charging infrastructure to ensure operational efficiency.,1827
19,"EV Charging Infrastructure & User Experience, Vehicle Features & Maintenance",Explore partnerships for battery swapping solutions at existing fuel stations to offer quick energy replenishment.,1827
19,"EV Charging Infrastructure & User Experience, Vehicle Features & Maintenance","Design charging stations with a user-friendly experience, possibly mimicking the familiar petrol pump model.",1827
19,"EV Charging Infrastructure & User Experience, Vehicle Features & Maintenance",Integrate real-time charger status and availability into in-car navigation systems or a dedicated mobile app.,1827
18,"EV Bookings, Launches & Charging Infrastructure","**Accelerate high-capacity charging network expansion:** Prioritize the deployment of 7.2/7.5 kW AC chargers to meet evident customer demand, differentiating from competitors who might offer lower capacities.",1373
18,"EV Bookings, Launches & Charging Infrastructure","**Enhance booking-to-delivery customer journey:** Implement robust systems for instant booking ID generation, proactive communication on delivery timelines, and efficient backlog clearance to improve customer satisfaction and reduce cancellations.",1373
18,"EV Bookings, Launches & Charging Infrastructure","**Explore Battery as a Service (BAAS):** Investigate the feasibility and market potential of offering BAAS, as it is directly requested by users and could be a significant differentiator.",1373
18,"EV Bookings, Launches & Charging Infrastructure",**Capitalize on new model launches with efficient logistics:** Leverage the 'crazy' demand for new models (like '9S') by ensuring smooth launch processes and minimizing delivery delays to convert high interest into sales.,1373
18,"EV Bookings, Launches & Charging Infrastructure",**Strategic geographical expansion of charging infrastructure:** Focus on opening new Zeon stations in highly anticipated locations to address specific regional needs and enhance brand presence.,1373
