Business_Category,Count,short_theme,executive_summary,dashboard_sentiment
9,18453,Statiq Charging Experience & Pricing,"Users express significant frustration with Statiq due to frequent and steep price increases, inaccurate app data (range), and reliability issues. These concerns highlight a critical need for stable, affordable, and high-quality charging solutions for EV owners.",Mostly Negative
2,17751,Optimizing EV Ownership Experience,"Tata Motors must shift from a sales-only mindset to an active ecosystem enabler by resolving charger reliability, billing issues, and ICE vehicle encroachment. Proactive investments in highway charging, unified digital experiences, and software reliability will retain brand loyalty and accelerate mass-market transition.",Mixed
11,13440,EV Charging Infrastructure Reliability,"The analysis reveals critical reliability challenges in India's public EV charging network, highlighted by high non-operational rates of CCS2 connectors on major oil marketing apps. EV owners demand functional charging hubs with standardized connectors, unified payment apps, and improved roadside amenities during wait times.",Mostly Negative
4,12031,Highway EV Charging Infrastructure,"As highway EV travel increases, customers demand rapid network expansion to eliminate critical route blackspots. Priorities include implementing Auto-Charge, managing station congestion via telescopic pricing, and ensuring charger uptime.",Mixed
1,10584,EV Charging Network Reliability,"Analysis of community chats reveals critical gaps in CPO charging reliability, app-to-charger synchronization, and power grid stability. EV owners demand better customer service, multi-CPO integration, and faster resolution of charger downtime through active community-operator engagement.",Mixed
15,9981,Optimizing EV Charging Network,"EV users face significant friction with hardware unreliability, delayed RFID card deliveries, and buggy companion app integrations. Resolving these pain points through unified in-app charging and better real-time charger status transparency will greatly enhance the Tata EV ownership experience.",Mixed
0,7955,EV Charging Infrastructure Interoperability,"EV users face significant anxiety due to offline public chargers, unreliable status tracking, and fragmented payment apps. Standardizing network interoperability, improving hardware uptime, and offering physical shelter at charging hubs are critical to improving the public EV experience.",Mixed
6,6562,EV Charging Network Optimization,"While customers highly value Tata Power's extensive geographic reach as a dependable backup, they express severe frustration with charger unreliability, slow charging speeds, high pricing, and a buggy app interface. Addressing these technical and pricing pain points is critical to maintaining market leadership and customer trust.",Mixed
13,5914,EV Charging App Reliability,"EV owners face significant frustrations with inaccurate charger listings, inactive app features, and actual charging power falling short of advertised speeds. Standardizing app functionality and ensuring transparent, real-time power delivery tracking are crucial to improving the overall charging experience.",Mixed
8,5812,EV Charging and Digital Integration,"Tata Motors EV owners appreciate co-branded charging benefits but express frustration over API integration errors preventing coupon redemption with partners like Statiq. High service center overload, charging speed limitations, and perceived corporate lethargy threaten Tata's dominance against agile competitors.",Mixed
5,4769,Charging Infrastructure Experience,"EV owners face significant challenges with public charging infrastructure, particularly due to poor weatherproofing, high charging tariffs, and unreliable charger uptime during rains. Addressing these issues through sheltered, well-drained stations and optimized charger-to-vehicle software integration is critical to improving the overall customer experience.",Mostly Negative
10,3706,Warranty and Headlight Upgrades,"Tata EV owners express safety concerns over inadequate OEM headlight visibility and anxiety regarding strict warranty rules restricting aftermarket modifications. Offering official warranty-compliant upgrades, structured extended warranty products, and home-charging earthing solutions represent crucial opportunities to improve customer trust.",Mixed
7,3492,EV Charging Tariffs and GST,"EV owners are increasingly frustrated by confusing public charging tariffs, opaque GST applications, and restrictive subscription models. Streamlining billing transparency and optimizing local charging costs present key retention and satisfaction opportunities for Tata Motors.",Mostly Negative
14,3020,Tata.ev Charging & Owner Ecosystem,"Tata.ev owners highly value exclusive partner charging discounts (e.g., ₹5/unit via Zeon, Shell, Voltron) but face friction in app registration, eKYC, and infotainment integration. To sustain loyalty against competitors like MG, Tata must streamline these digital touchpoints and standardize its physical charging infrastructure.",Mixed
16,2746,EV Payment & Wallet Fragmentation,"EV owners are expressing deep frustration over fragmented charging wallets that trap unused balances without any refund options. They are strongly demanding a shift to unified UPI payments, direct bank mandates, and single-app aggregators to simplify their charging experience.",Mostly Negative
3,2454,Mahindra vs Tata EV Strategy,"Mahindra's aggressive push into high-speed DC fast-charging and its INGLO platform presents a growing competitive threat, though hindered by software bugs, safety concerns, and poor service readiness. Tata Motors must capitalize on these competitor service and software gaps to solidify its market leadership.",Mixed
17,2214,EV Charging Cost Economics,"EV community members express significant concern over rising, non-transparent charging tariffs and complex electrical load management policies at home. This highlights a critical need for Tata Motors to simplify home charging installations and advocate for transparent, predictable pricing models.",Mostly Negative
12,1933,EV Highway Planning and Ownership,"EV owners are navigating the complexities of long-distance trip planning while demanding highly reliable charging infrastructure to avoid being stranded. Concurrently, anxiety persists regarding service schedules and how minor underbody battery damage might void crucial long-term manufacturer warranties.",Mixed
19,1827,EV Charging Infrastructure Reliability,"Customers face significant hurdles with public EV chargers at petrol pumps due to operational neglect, OMC-dealer cost disputes, and slow charging speeds. Addressing these infrastructure and partnership bottlenecks is critical to securing a seamless highway travel experience for Tata EV owners.",Mostly Negative
18,1373,EV Booking and Delivery Management,"Customers face high anxiety due to system errors in booking confirmations and prolonged, untracked delivery wait times. Tata Motors must optimize its order-to-delivery pipeline and charging reservation system to retain customers and capture market share.",Mixed
