Merged_Group,Count,Name,Topics Merged,ThemeText,Business_Category
0,9404,['0_hai_pr_bas_ye'],1,0_hai_pr_bas_ye,11
118,9145,"['1_road_expressway_mumbai_bangalore', '2_hotel_at_hyderabad_nagar', '118_ev_mumbai_maharashtra_residential', '174_delhi_gujarat_central_pradesh', '179_kolkata_hyderabad_mumbai_andhra']",5,1_road_expressway_mumbai_bangalore 2_hotel_at_hyderabad_nagar 118_ev_mumbai_maharashtra_residential 174_delhi_gujarat_central_pradesh 179_kolkata_hyderabad_mumbai_andhra,4
84,7181,"['34_charged_charging_charges_charge', '36_charging_charge_charged_slow', '41_charging_charge_charger_support', '49_charger_charging_charge_charged', '79_charging_charge_charges_rate', '84_charger_kw_kwh_above', '106_charging_charge_charger_issue', '127_charged_charging_charge_issues', '128_charges_chargeable_rs_charged', '129_charging_charge_charged_battery', '130_charging_charger_charge_charged', '132_charging_charge_ev_also', '151_chargezone_charging_charge_message', '169_charger_charging_charge_charges', '175_charging_charged_charge_issue', '189_rs_overheads_increased_overcharged', '217_charging_charger_charges_charge', '219_charging_charge_charged_gives', '220_chargezone_charging_charger_charge', '231_charging_charge_charger_charges', '262_charging_charged_charger_charge', '287_charging_charge_charger_possible']",22,34_charged_charging_charges_charge 36_charging_charge_charged_slow 41_charging_charge_charger_support 49_charger_charging_charge_charged 79_charging_charge_charges_rate 84_charger_kw_kwh_above 106_charging_charge_charger_issue 127_charged_charging_charge_issues 128_charges_chargeable_rs_charged 129_charging_charge_charged_battery 130_charging_charger_charge_charged 132_charging_charge_ev_also 151_chargezone_charging_charge_message 169_charger_charging_charge_charges 175_charging_charged_charge_issue 189_rs_overheads_increased_overcharged 217_charging_charger_charges_charge 219_charging_charge_charged_gives 220_chargezone_charging_charger_charge 231_charging_charge_charger_charges 262_charging_charged_charger_charge 287_charging_charge_charger_possible,15
4,4449,"['4_on_evs_issues_will', '18_evs_ev_will_more']",2,4_on_evs_issues_will 18_evs_ev_will_more,2
5,3467,"['5_discount_premium_dealer_insurer', '123_dealer_insurance_service_cost']",2,5_discount_premium_dealer_insurer 123_dealer_insurance_service_cost,2
3,3290,['3_will_tata_tatas_escalate'],1,3_will_tata_tatas_escalate,8
172,2909,"['43_reset_will_issue_still', '44_update_issues_issue_below', '94_ok_multiple_tried_okay', '103_issue_issues_below_error', '133_seems_sc_issues_ipc', '172_charge_issue_solved_late', '218_issue_battery_issues_resolved', '244_service_replaced_update_issue']",8,43_reset_will_issue_still 44_update_issues_issue_below 94_ok_multiple_tried_okay 103_issue_issues_below_error 133_seems_sc_issues_ipc 172_charge_issue_solved_late 218_issue_battery_issues_resolved 244_service_replaced_update_issue,0
8,2855,"['8_battery_batteries_cost_car', '90_battery_service_cheap_unlocked']",2,8_battery_batteries_cost_car 90_battery_service_cheap_unlocked,2
6,2769,['6_or_ambient_cools_but'],1,6_or_ambient_cools_but,9
7,2526,['7_will_crossed_last_at'],1,7_will_crossed_last_at,9
19,2396,"['19_will_could_can_now', '20_time_if_or_yeah']",2,19_will_could_can_now 20_time_if_or_yeah,6
10,2260,"['10_teslas_tesla_other_price', '146_cheaper_electric_sector_demand']",2,10_teslas_tesla_other_price 146_cheaper_electric_sector_demand,2
9,2224,['9_discount_months_ev_for'],1,9_discount_months_ev_for,2
11,1983,['11_offline_reliable_unavailable_near'],1,11_offline_reliable_unavailable_near,0
12,1685,['12_here_pls_thats_trying'],1,12_here_pls_thats_trying,9
13,1578,['13_issues_much_update_cost'],1,13_issues_much_update_cost,7
14,1442,['14_unable_tried_got_able'],1,14_unable_tried_got_able,6
15,1352,['15_below_in_used_city'],1,15_below_in_used_city,4
16,1308,['16_replaced_tigor_changed_on'],1,16_replaced_tigor_changed_on,5
17,1280,['17_status_able_support_charging'],1,17_status_able_support_charging,15
67,1212,"['67_glad_noted_useful_thanks', '74_noted_got_names_thanks', '173_received_fixed_delivered_trying', '269_delivered_great_branch_pricing']",4,67_glad_noted_useful_thanks 74_noted_got_names_thanks 173_received_fixed_delivered_trying 269_delivered_great_branch_pricing,1
21,1167,['21_upgrade_around_rs_dc'],1,21_upgrade_around_rs_dc,13
58,1112,"['58_electricity_voltage_plug_as', '113_plugtop_plugs_evse_socket', '137_current_electrician_plug_amps']",3,58_electricity_voltage_plug_as 113_plugtop_plugs_evse_socket 137_current_electrician_plug_amps,10
22,1092,['22_weird_ac_noticed_also'],1,22_weird_ac_noticed_also,9
23,1067,['23_message_available_update_option'],1,23_message_available_update_option,13
24,1034,['24_panel_free_at_subsidy'],1,24_panel_free_at_subsidy,1
25,1024,['25_driver_exactly_issues_buying'],1,25_driver_exactly_issues_buying,0
26,1000,['26_authorised_done_check_got'],1,26_authorised_done_check_got,1
27,988,['27_srujan_ev_ravi_krishna'],1,27_srujan_ev_ravi_krishna,11
28,980,['28_only_available_do_can'],1,28_only_available_do_can,6
29,953,['29_rsa_charging_charge_problem'],1,29_rsa_charging_charge_problem,15
30,950,['30_offering_any_resale_ok'],1,30_offering_any_resale_ok,17
31,895,['31_need_release_applied_automatically'],1,31_need_release_applied_automatically,13
32,887,['32_contact_cancel_online_email'],1,32_contact_cancel_online_email,1
33,883,['33_on_you_good_nexdigitron'],1,33_on_you_good_nexdigitron,9
35,869,['35_got_at_on_mode'],1,35_got_at_on_mode,5
37,846,['37_available_in_he_bharat'],1,37_available_in_he_bharat,11
107,835,"['93_waiting_waited_gauged_around', '107_been_next_upcoming_planned', '222_will_wait_postponed_coming']",3,93_waiting_waited_gauged_around 107_been_next_upcoming_planned 222_will_wait_postponed_coming,12
38,821,['38_accessory_replaced_outside_in'],1,38_accessory_replaced_outside_in,10
39,811,['39_after_will_some_worth'],1,39_after_will_some_worth,17
40,786,['40_around_bring_few_yes'],1,40_around_bring_few_yes,6
42,755,['42_evs_ev_vehicle_vehicles'],1,42_evs_ev_vehicle_vehicles,14
45,729,['45_rs_tata_need_what'],1,45_rs_tata_need_what,8
46,702,['46_same_update_why_not'],1,46_same_update_why_not,13
47,672,['47_maruti_mahindras_issues_on'],1,47_maruti_mahindras_issues_on,3
48,630,['48_help_leave_keep_same'],1,48_help_leave_keep_same,9
50,622,['50_will_provide_send_free'],1,50_will_provide_send_free,1
51,609,['51_upgrade_buy_bought_same'],1,51_upgrade_buy_bought_same,13
66,606,"['66_battery_issue_how_draining', '246_battery_escalates_panel_damage']",2,66_battery_issue_how_draining 246_battery_escalates_panel_damage,10
52,604,['52_approved_upto_31st_will'],1,52_approved_upto_31st_will,1
53,584,['53_issues_issue_service_refurbished'],1,53_issues_issue_service_refurbished,16
54,563,['54_got_message_available_update'],1,54_got_message_available_update,13
55,562,['55_receive_service_updates_got'],1,55_receive_service_updates_got,16
56,545,['56_teslaindia_mumbai_import_on'],1,56_teslaindia_mumbai_import_on,3
57,543,['57_electrical_aftermarket_accessories_message'],1,57_electrical_aftermarket_accessories_message,10
59,529,['59_ev_ndz_nnmm_and'],1,59_ev_ndz_nnmm_and,9
60,528,['60_yeah_replied_should_some'],1,60_yeah_replied_should_some,6
61,521,['61_registered_got_central_account'],1,61_registered_got_central_account,1
62,517,['62_reservation_sa_delivered_booking'],1,62_reservation_sa_delivered_booking,18
63,514,['63_max_200_getting_gives'],1,63_max_200_getting_gives,5
64,502,['64_will_fixed_power_then'],1,64_will_fixed_power_then,5
65,500,['65_delivery_car_dealer_option'],1,65_delivery_car_dealer_option,14
111,490,"['111_around_have_yes_more', '182_around_near_road_price']",2,111_around_have_yes_more 182_around_near_road_price,9
68,475,['68_290_230_340_330'],1,68_290_230_340_330,9
70,469,['70_yeah_trade_imported_export'],1,70_yeah_trade_imported_export,3
69,469,['69_51k_45k_above_around'],1,69_51k_45k_above_around,9
71,468,['71_2air_issue_oem_car'],1,71_2air_issue_oem_car,14
72,459,['72_yesterday_during_affected_area'],1,72_yesterday_during_affected_area,5
73,456,['73_able_below_ram_press'],1,73_able_below_ram_press,9
75,445,['75_free_in_price_update'],1,75_free_in_price_update,7
76,442,['76_eae056ea_apk_data_exporting'],1,76_eae056ea_apk_data_exporting,3
77,432,['77_ev_same_they_hev'],1,77_ev_same_they_hev,9
78,430,['78_nonsense_should_support_some'],1,78_nonsense_should_support_some,6
80,426,['80_booked_vfm_waiting_2022'],1,80_booked_vfm_waiting_2022,18
81,425,['81_लगव_लम_यद_लग'],1,81_लगव_लम_यद_लग,11
82,422,['82_rt_reach_ather_yeah'],1,82_rt_reach_ather_yeah,9
83,418,['83_around_then_in_city'],1,83_around_then_in_city,4
86,414,['86_great_very_only_will'],1,86_great_very_only_will,9
85,414,['85_once_33psi_recommended_reset'],1,85_once_33psi_recommended_reset,19
87,410,['87_3m_keep_insurance_in'],1,87_3m_keep_insurance_in,2
88,409,['88_sc_do_traction_updation'],1,88_sc_do_traction_updation,9
89,401,['89_battery_cycles_tesla_cars'],1,89_battery_cycles_tesla_cars,2
115,401,"['115_statiq_apps_also_plugin', '260_android_app_ios_zconnect']",2,115_statiq_apps_also_plugin 260_android_app_ios_zconnect,0
91,398,['91_continue_same_here_message'],1,91_continue_same_here_message,9
92,396,['92_enjoy_ev_evs_used'],1,92_enjoy_ev_evs_used,2
95,377,['95_kw_on_avg_per'],1,95_kw_on_avg_per,19
96,372,['96_use_aftermarket_update_updated'],1,96_use_aftermarket_update_updated,13
97,368,['97_below_they_sites_issue'],1,97_below_they_sites_issue,0
98,366,['98_rajmargyatra_mumbai_rajmarg_mahamarg'],1,98_rajmargyatra_mumbai_rajmarg_mahamarg,11
99,366,['99_option_arrive_broke_ticket'],1,99_option_arrive_broke_ticket,1
100,364,['100_owner_have_irl_had'],1,100_owner_have_irl_had,1
101,362,['101_contact_pls_kindly_message'],1,101_contact_pls_kindly_message,9
102,360,['102_here_ioniq_around_sadly'],1,102_here_ioniq_around_sadly,9
104,355,['104_service_cleans_accumulated_for'],1,104_service_cleans_accumulated_for,16
145,340,"['145_problem_happens_malfunction_not', '267_fails_try_problem_happens']",2,145_problem_happens_malfunction_not 267_fails_try_problem_happens,0
105,337,['105_ayega_they_q4_getting'],1,105_ayega_they_q4_getting,9
163,327,"['163_evcc_battery_vehicle_cost', '234_pricing_evs_electric_ev']",2,163_evcc_battery_vehicle_cost 234_pricing_evs_electric_ev,2
108,326,['108_battry_soc_above_go'],1,108_battry_soc_above_go,9
109,323,['109_charges_cost_including_charging'],1,109_charges_cost_including_charging,7
110,317,['110_hikes_location_not_99'],1,110_hikes_location_not_99,9
112,311,['112_status_happening_happen_above'],1,112_status_happening_happen_above,9
114,306,['114_validity_not_says_govt'],1,114_validity_not_says_govt,1
116,303,['116_dealership_will_vehicle_car'],1,116_dealership_will_vehicle_car,14
117,300,['117_service_will_done_insurance'],1,117_service_will_done_insurance,2
119,293,['119_yeah_western_views_wa'],1,119_yeah_western_views_wa,9
200,289,"['200_ev_evs_horsepower_nagar', '210_evs_ev_hyderabad_muzrai']",2,200_ev_evs_horsepower_nagar 210_evs_ev_hyderabad_muzrai,4
120,286,['120_availed_avail_ev_still'],1,120_availed_avail_ev_still,2
121,286,['121_electric_rs_india_upcoming'],1,121_electric_rs_india_upcoming,11
124,284,['124_mileage_expressway_city_expressways'],1,124_mileage_expressway_city_expressways,4
122,284,['122_service_change_do_cpl'],1,122_service_change_do_cpl,16
126,283,['126_dm_share_suggest_send'],1,126_dm_share_suggest_send,1
125,283,['125_lakh_seems_message_qwd'],1,125_lakh_seems_message_qwd,9
131,278,['131_market_hope_rancho_marketing'],1,131_market_hope_rancho_marketing,8
134,269,['134_officialabq_teslaownerssk_summoning_eesl_india'],1,134_officialabq_teslaownerssk_summoning_eesl_india,11
135,266,['135_nagar_mohan_delhi_service'],1,135_nagar_mohan_delhi_service,11
136,266,['136_approved_cost_garware_cr70'],1,136_approved_cost_garware_cr70,7
138,262,['138_saw_next_onam_hardworking'],1,138_saw_next_onam_hardworking,9
139,262,['139_rs_warna_cant_per'],1,139_rs_warna_cant_per,5
140,262,['140_slot_slots_then_common'],1,140_slot_slots_then_common,9
141,259,['141_notice_no_complaints_portal'],1,141_notice_no_complaints_portal,1
142,255,['142_rate_cost_charges_per'],1,142_rate_cost_charges_per,7
143,253,['143_service_direct_tpms_lr'],1,143_service_direct_tpms_lr,16
144,250,['144_thats_apologies_yet_cross'],1,144_thats_apologies_yet_cross,9
147,244,['147_way_truck_towing_vehicle'],1,147_way_truck_towing_vehicle,14
148,243,['148_respective_issues_customer_add'],1,148_respective_issues_customer_add,1
149,242,['149_waiting_pending_review_will'],1,149_waiting_pending_review_will,12
150,240,['150_ev_market_car_kagu'],1,150_ev_market_car_kagu,14
214,240,"['214_complaints_complaint_customer_trying', '252_complaint_issues_response_customer']",2,214_complaints_complaint_customer_trying 252_complaint_issues_response_customer,1
152,236,['152_charges_cost_tmsc_kms'],1,152_charges_cost_tmsc_kms,7
153,234,['153_whatevr_around_fine_55ish'],1,153_whatevr_around_fine_55ish,9
154,230,['154_dealership_customer_expired_done'],1,154_dealership_customer_expired_done,14
155,227,['155_waste_features_fee_payment'],1,155_waste_features_fee_payment,7
156,226,['156_sonam_up_changes_now'],1,156_sonam_up_changes_now,5
157,226,['157_demand_will_profit_profitable'],1,157_demand_will_profit_profitable,8
158,224,['158_usage_thingsb_understanding_sre'],1,158_usage_thingsb_understanding_sre,19
159,223,['159_check_pm_checked_issues'],1,159_check_pm_checked_issues,1
160,218,['160_above_account_deleted_msgs'],1,160_above_account_deleted_msgs,1
161,214,['161_tata_aftermarket_enterprises_very'],1,161_tata_aftermarket_enterprises_very,8
162,213,['162_statiq_active_check_customer'],1,162_statiq_active_check_customer,1
164,204,['164_electric_electricity_hcev_electrolysis'],1,164_electric_electricity_hcev_electrolysis,10
165,202,['165_malls_kotak_customer_rupees'],1,165_malls_kotak_customer_rupees,8
166,202,['166_passengers_seats_issues_egress'],1,166_passengers_seats_issues_egress,4
168,195,['168_pricing_cost_per_ev'],1,168_pricing_cost_per_ev,2
167,195,['167_cpo_message_available_edited'],1,167_cpo_message_available_edited,13
170,191,['170_india_rajivkumar1_amitbhatt4u_respective'],1,170_india_rajivkumar1_amitbhatt4u_respective,11
171,190,['171_booked_grapevine_waiting_launched'],1,171_booked_grapevine_waiting_launched,18
176,183,['176_cheaper_expensive_ncbirbhan_outselling'],1,176_cheaper_expensive_ncbirbhan_outselling,8
177,181,['177_tata_socket_directly_kw'],1,177_tata_socket_directly_kw,8
178,181,['178_avail_ev_service_eko'],1,178_avail_ev_service_eko,2
180,179,['180_ev6_ev4_payment_exchange'],1,180_ev6_ev4_payment_exchange,1
181,179,['181_loaded_loading_load_message'],1,181_loaded_loading_load_message,16
183,177,['183_after_monitoring_when_itpms'],1,183_after_monitoring_when_itpms,16
184,170,['184_higher_chargings_above_40'],1,184_higher_chargings_above_40,15
185,169,['185_marketing_adishakthi_budget_upgrade'],1,185_marketing_adishakthi_budget_upgrade,8
186,167,['186_status_maruti_in_deployed'],1,186_status_maruti_in_deployed,3
187,167,['187_sherwal_jai_festival_diwali'],1,187_sherwal_jai_festival_diwali,11
188,166,['188_charging_100v_area_90v'],1,188_charging_100v_area_90v,15
190,164,['190_ev_news_global_expo'],1,190_ev_news_global_expo,12
191,164,['191_get_issue_is_lifetime'],1,191_get_issue_is_lifetime,12
192,162,['192_surcharge_paying_discount_cost'],1,192_surcharge_paying_discount_cost,7
193,162,['193_purchase_delayed_next_paid'],1,193_purchase_delayed_next_paid,12
194,160,['194_rudra_vehicle_car_per'],1,194_rudra_vehicle_car_per,14
195,159,['195_maruthu_maruti_maruthi_maru'],1,195_maruthu_maruti_maruthi_maru,3
196,158,['196_including_transfer_rtos_payable'],1,196_including_transfer_rtos_payable,1
197,158,['197_issue_problem_seems_flashed'],1,197_issue_problem_seems_flashed,0
198,157,['198_yeah_sucks_approved_arai'],1,198_yeah_sucks_approved_arai,19
199,156,['199_9000rs_rsn_2l_customers'],1,199_9000rs_rsn_2l_customers,8
201,151,['201_status_app_pending_ios'],1,201_status_app_pending_ios,0
203,147,['203_incident_crash_reported_happened'],1,203_incident_crash_reported_happened,0
202,147,['202_update_updated_upgrade_available'],1,202_update_updated_upgrade_available,13
204,146,['204_rate_advertise_booked_no'],1,204_rate_advertise_booked_no,18
206,143,['206_manually_changed_auto_on'],1,206_manually_changed_auto_on,5
205,143,['205_aae_need_online_will'],1,205_aae_need_online_will,17
207,141,['207_delayed_them_like_they'],1,207_delayed_them_like_they,12
208,141,['208_15m_above_15mts_upto'],1,208_15m_above_15mts_upto,9
209,139,['209_20pcs_ev_stripe_performance'],1,209_20pcs_ev_stripe_performance,19
211,136,['211_considering_soonish_rs17000_outdated'],1,211_considering_soonish_rs17000_outdated,12
212,136,['212_free_where_recorded_users'],1,212_free_where_recorded_users,1
213,136,['213_directly_them_nearby_they'],1,213_directly_them_nearby_they,9
215,135,['215_reinserted_issue_removing_gun'],1,215_reinserted_issue_removing_gun,16
216,134,['216_invitation_progress_bettery_rmtesla'],1,216_invitation_progress_bettery_rmtesla,1
221,129,['221_them_send_submitted_post'],1,221_them_send_submitted_post,1
223,126,['223_city_considering_fc_rent'],1,223_city_considering_fc_rent,4
224,126,['224_epe_requires_e20_evenwent'],1,224_epe_requires_e20_evenwent,19
225,124,['225_engineering_companies_trips_design'],1,225_engineering_companies_trips_design,4
226,123,['226_members_group_survey_understand'],1,226_members_group_survey_understand,1
227,120,['227_vehicle_serviced_vehicles_zindabad'],1,227_vehicle_serviced_vehicles_zindabad,14
228,119,['228_below_21kwh_164wh_24kwh'],1,228_below_21kwh_164wh_24kwh,9
229,119,['229_jaipur_sidharth_charged_resolved'],1,229_jaipur_sidharth_charged_resolved,11
230,117,['230_outlet_4fc_sc_not'],1,230_outlet_4fc_sc_not,10
232,116,['232_trickle_90mims_8000mah_12volts'],1,232_trickle_90mims_8000mah_12volts,15
233,115,['233_suggested_hta_battery_12v'],1,233_suggested_hta_battery_12v,15
235,115,['235_latest_evolves_new_adaptable'],1,235_latest_evolves_new_adaptable,5
236,113,['236_kochikayamkulam_tata_sridhar_jaipurr'],1,236_kochikayamkulam_tata_sridhar_jaipurr,11
237,113,['237_500_xuv500_xev_xuv400'],1,237_500_xuv500_xev_xuv400,9
238,110,['238_smartchargev_configured_configure_check'],1,238_smartchargev_configured_configure_check,16
239,109,['239_earlier_extenders_around_limited'],1,239_earlier_extenders_around_limited,19
240,109,['240_aec_see_increase_dte'],1,240_aec_see_increase_dte,19
241,109,['241_bttery_45300_reimbursement_send'],1,241_bttery_45300_reimbursement_send,1
242,109,['242_creatives_change_feature_new'],1,242_creatives_change_feature_new,5
243,108,['243_will_updates_considering_offer'],1,243_will_updates_considering_offer,13
245,107,['245_central_replaced_issue_detqils'],1,245_central_replaced_issue_detqils,16
247,107,['247_15mtrs_vasline_info_ibhavr'],1,247_15mtrs_vasline_info_ibhavr,1
249,106,['249_motors_plug_damage_crm'],1,249_motors_plug_damage_crm,10
248,106,['248_cheaper_not_will_okay'],1,248_cheaper_not_will_okay,17
250,105,['250_supported_unable_inbuilt_dec24'],1,250_supported_unable_inbuilt_dec24,0
251,104,['251_will_tco_do_sensible'],1,251_will_tco_do_sensible,17
253,104,['253_og_pity_you_nev'],1,253_og_pity_you_nev,9
254,102,['254_list_accessories_request_builds'],1,254_list_accessories_request_builds,0
255,100,['255_aprroved_typ_21990_open'],1,255_aprroved_typ_21990_open,1
256,100,['256_regulator_breaker_elcb_troubleshooted'],1,256_regulator_breaker_elcb_troubleshooted,10
257,100,['257_billed_paying_tataev_will'],1,257_billed_paying_tataev_will,17
258,100,['258_electirc_amicikart_share_market'],1,258_electirc_amicikart_share_market,8
259,98,['259_cant_enable_got_on'],1,259_cant_enable_got_on,5
261,98,['261_working_reconnected_reconnects_awaiting'],1,261_working_reconnected_reconnects_awaiting,1
263,97,['263_powerdrift_plugvehicle_450plus_great'],1,263_powerdrift_plugvehicle_450plus_great,10
264,97,['264_successfully_private_successful_authorises'],1,264_successfully_private_successful_authorises,1
265,96,['265_restricted_no_private_kn'],1,265_restricted_no_private_kn,1
266,94,['266_booked_free_site_premium'],1,266_booked_free_site_premium,18
268,93,['268_suggest_suggestion_consider_idea'],1,268_suggest_suggestion_consider_idea,1
271,91,['271_evs_alert_issue_issues'],1,271_evs_alert_issue_issues,0
270,91,['270_issues_potholes_great_troublesome'],1,270_issues_potholes_great_troublesome,4
272,90,['272_ooty_strate_extort_regions'],1,272_ooty_strate_extort_regions,1
273,89,['273_issue_shocks_whatta_fusebox'],1,273_issue_shocks_whatta_fusebox,0
274,89,['274_globally_recently_post_prob'],1,274_globally_recently_post_prob,12
275,89,['275_updates_updated_available_update'],1,275_updates_updated_available_update,13
276,88,['276_transit_v2v_lr_support'],1,276_transit_v2v_lr_support,19
277,88,['277_meantime_deadline_join_visit'],1,277_meantime_deadline_join_visit,1
278,87,['278_issues_fcev_malfunction_xev'],1,278_issues_fcev_malfunction_xev,0
279,86,['279_sms_mobile_activate_activated'],1,279_sms_mobile_activate_activated,1
280,84,['280_awesome_current_across_great'],1,280_awesome_current_across_great,9
281,84,['281_per_send_bateery_rc'],1,281_per_send_bateery_rc,1
282,84,['282_where_3months_nopes_manufactures'],1,282_where_3months_nopes_manufactures,8
283,84,['283_benefit_sdi_allows_improved'],1,283_benefit_sdi_allows_improved,19
284,82,['284_percent_units_remaining_per'],1,284_percent_units_remaining_per,5
285,82,['285_attempting_atharvak5_atharva_waree'],1,285_attempting_atharvak5_atharva_waree,1
286,82,['286_7k_no_rsa_resets'],1,286_7k_no_rsa_resets,5
288,80,['288_undiagnosed_certain_nope_is'],1,288_undiagnosed_certain_nope_is,9
