Topic,Message
0,"Are, vo uske haath me nahi hai. Ye to insurance company pe hai. Battery price, aur EV hai. Sab include karna padta hai"
0,Jio ke charger pe mg zs ev ki delivery speed kya hai
0,3.2 ac charger se charge ho raha hai kya?
1,New charging station at Pune 👆🏼
1,"From Nagpur go towards Amravati, Nashik and Vapi. There are chargers on this route. Then from there you will find plenty of chargers. Otherwise the shorter route is via Bhopal and Gwalior but you will have to find at least 2 hotels on the way and see of they can allow you to charge. Look at hotels in the cities in between and call them. Some will allow it. A last resort is to get someone to tow you for around 50km. That will charge you up but it is a little difficult so finding a hotel is the best. Plan an overnight stay to charge at every 200 to 250km. Take a look at Plugshare and see all the available chargers and plan your route."
1,"Do anyone now, any charging station from Bangalore to pune?"
2,I am planning from Bangalore to Goa
2,Next month planning to drive Bangalore to pune
2,"Has anyone done the below trips. If yes, let me know - Mumbai Pune - Mumbai Bangalore - Bangalore Kerala"
3,Sent this mail to Tata motors
3,Tata motors range of cars🤞
3,Why will Tata do that? 😅
4,This has nothing to do with ev...dont know why evs are even mentioned in here...
4,Actually i have 2 evs
4,Evs are not for everyone.
5,Which insurance company giving car insurance on purchase of new car other than acko.
5,Did you take insurance from showroom or from outside ? Which company insurance?
5,should i take insurance or
6,not only battery cooling Motor cooling too
6,Sir how is the AC cooling for Nexon ev max
6,It's normal. The ac cutoff cooling to cabin and use it to cool the motor and battery first when the temperature goes high. It will start cooling the cabin again after few minutes.
7,Its way less than 100 kms may be around 30-50 kms
7,🧐wh/km comes down only after you drive more than 20 km in one go
7,Get the test drive and drive for 10-20 km and see what's your wh/km
8,It a new battery pack.
8,Ask them to give it in writing on email Whether the battery is new or refurbished What is the SoH of the replaced battery pack and old battery pack
8,"And when your battery pack is being replaced, ask them to give it in writing if they are replacing it with a new battery pack or a refurbished one. Ask for SoH for old and replaced battery pack to be mentioned on email"
9,My car is nexon ev max
9,Do you have Nexon ev?
9,This is for Nexon EV?
10,Will this help Tesla ?
10,Without Tesla then and with Tesla now
10,Tesla is more than that
11,I think all bpcl chargers are in statiq
11,Use Statiq App or Chargezone App.
11,there should be one app for all chargers this is what i think...
12,I was about to ask the same question
12,Oh ok..i didn't know this
12,That I know but I am asking different question please
13,Not in Tigor and tiago
13,No issue like this in Tiago
13,I am in Tiago 😀
14,is it only key or key with extra remote?
14,How to lock the car with the key inside the smart key
14,That's just for the key
15,Do u always drive 3 level regen mode
15,On highway use city mode with regen level 1 or 0.
15,Do regen 0 or 1 .. u will get more
16,if replacing only 1 tyre you should ideally go with the same tyre as the other tyres on your car
16,For all tyres or some?
16,"30PM and within 12-14 hours of delivery I took my car back to showroom reporting a bubble in one of my tyres. They tried reporting it to MRF and there was no response. I continued using the tyre for next 1600KM and waiting for an update from MRF, but no response from them. During this period that tyre got a crack and I had to replace with spare tyre. I had to get it rubber patched done on the way since when I shifted spare tyre, I found the same kind of bubble with new tyre sidewalls. I was travelling with my family, and I was not confident on with these tyres hence I had to patch the cracked tyre (NO air was leaking). Later after 2800km of running I find all 5 tyres having similar kind of bubble. Few weeks ago, MRF had inspected my car tyre and asked TATA service centre to send all pictures to them. There is no proper update from them or from the service centre. During my visit at the SC I observed few of the Ev’s for service with MRF tyre’s had a similar issue. Last week MRF engineer asked me to come back to SC to relook at these tyres once again and during that time another customer had reported this issue with his tata Altroz. I spoke to him, and he also mentioned that one of his tyre got cut during his highway drive and other 2 tyres (MRF) are having similar bubbles. He also mentioned that MRF is not replacing mentioning that the Tyres will run for the average KM that a tyre should run. I don’t trust these tyres to be safe and need a replacement. I have also reported this to TATA Area manager but a very sorry and slow response. Nexon Ev with MRF tyres are fitted with defective tyres. Tata should take necessary action to replace them without much of follow-up and easy replacement method. My car is 3 + months old and I have been following it up with them the next day of the delivery. I am hoping for a positive response by replacing all my tyres. Will update you all the outcome. I wish the new Nexon EV buyers get the best OEM tyres not these defective MRF Tyres. It’s painful and frustrating process getting anything done with TATA. I suggest everyone who has MRF tyres with your EV, please check your tyres and report it to your SC. I pray and wish your tyres are good and not with the similar issues I have. How do you check: 1. Fill Air as mentioned, 2. run your fingers around the side wall of the tyres both the sides you will feel some bubble and a shape change."
17,This is on my Zconnect
17,How to get zconnect app
17,U can connect with zconnect app
18,This group is for EV and not ICE vehicle
18,Is it a ICE vehicle??
18,"sell one ICE and keep one ICE,"
19,Any solution for this ? I’m facing similar issue
19,I'm facing the same issue and no one has the solution for this 😐
19,Anyone facing this issue? Any solution?
20,Is it mostly highway driving?
20,"Driving style, roads and traffic and temp around all that matters,"
20,driving on Highway or in city?
21,"Yes, with 3.3 kW speed"
21,and for statiq if you use 7.2 kw or 3.3 kw it is only 12 rs per kw
21,"Will I get both 3.3 kw and ,7.2 kw"
22,"Also about the sound, I'm not sure about what the sound is."
22,I also have some sound
22,With some sound is it 😜
23,Yes…this is the one app
23,You can check on this app
23,which app is this ?
24,your solar inverter will have a app
24,Does it have solar as well?
24,but we can have solar
25,How old is the car
25,How old is your car?
25,how old is your car?
26,Which service center is this?
26,Its in the service centre....
26,I am at the service centre
27,"Hey there मुसाफिर, and welcome to TATA Nexon / Nexon EV All India Elite Club !!!! How are you?"
27,"Hey there Y, and welcome to TATA Nexon / Nexon EV All India Elite Club !!!! How are you?"
27,"Hey there B, and welcome to TATA Nexon / Nexon EV All India Elite Club !!!! How are you?"
28,This is not a Tata.ev charger no?
28,"Dear All, Is the Tata Power Ez Charge App working?"
28,Tata power EZ app showing Tesla chargers 😜
29,Check aux battery as well.
29,its mostly aux battery issue. Check the voltage of aux battery is you can
29,Aux battery issue check with that
30,Not sure about the price
30,Then what is the price?
30,Is it a good price?
31,press brake first then start
31,⚡ 3-Step Vehicle Start Process 1. First Press (No Brake) Press the Start/Stop button without pressing the brake pedal → The button light turns Orange 2. Second Press (No Brake) Press the Start/Stop button again (still without brake) → The light turns Green 3. Final Start (With Brake) Now press the brake pedal and press the Start/Stop button → The vehicle enters Ready mode
31,Hand brake can be used with the accelerator. Not the normal brake
32,who is the dealer ?
32,I got it from dealer
32,You got it from dealer
33,Confirmed with 70mai customer care. No need to connect rear cam with reverse light. Reverse cam gets power from front mirror dashcam. This seems best possible solution for XT owners who want to install reverse camera without voiding the warranty.
33,Hi all. I am planning to get Dash Camera installed for my EV. Does installation of dash camera cause any issues incase of insurance. Also is it advisable for getting dashcam installed for EV vehicles Also please suggest any good dashcam along with the installation
33,Okay u mean reverse parking camera not dashcam..... My car is xz+ it has parking cam already
34,"Do u AC charge once a week till 100%? Do u charge 100% every week even if battery is at 30-40%? Or u wait for it to go around 15-20, then charge till 100% even if it takes 15-20 days? Charge to 100 every week or charge to 100 only when battery reaches 20 or so?"
34,Can I charge battery to 100% ?
34,Fast charge to 100% should be same as slow charge to 100%
35,On highway up/down road & ac or without ac ?
35,Is this range with AC or without?
35,With ac without ac? Highway or city drive with traffic Driving range
36,range @ full charge without AC
36,How is your experience on kms per full charge ?
36,What's the range for full charge ?
37,So you have people all over India!
37,When it will come to India ?
37,It will be all over India
38,Which is best option for led lights in high or low beam?
38,I have changed my low beam to of LED and Halogen is good ..
38,LED bulbs in high beam I got installed at the showroom
39,Best thing you can do is get your new car ceramic coating or ppf for future reference. This process will fix your car paint and remove all scratch and protect your car paint and shine for upto 5 years. I have done ceramic coating on my Nexon max intensi teal it's one step better than company finish. If anyone interested in ceramic coating you can contact me.
39,Anyone who did coating ppf or ceramic
39,Anyone who have done ppf or ceramic coating on their nexon ?
40,I go below 10 once in a month
40,And don't go below 10%
40,you should go below 20% 15% or 10%
41,Portable charger is 7kw?or 3kw?
41,Do you have 7.2 kw charger?
41,Is it for 3.3 kw charger?
42,"‼️Open letter to Tata Ev Team ‼️ 👉🏻 It’s been a while 2020 to 2025 we have seen Tiago,Nexon,Punch,Curvv electric ,if u ask me all are benchmarks in their segment. 👉🏻 Off late ⏰ with the errors you have got in Tata Evs ,plus quality control issues,you people know better than us,everything is out in open domain. 👉🏻 Every-time we post anything related to a launch or else to Tata cars there comes a “horror story” or else which makes us feel is only Tata motors having these issues or it’s everywhere ,be it users who are using Tata EV’s as YTubers like harsh explorer or evolution nicks & all the early adopters have trusted Tata motors have opted for it as had no choice with choice we know what has done to the market share of Tata EV’s 👉🏻 If we know what’s going on customer front then you people are more aware of it ,with errors or software bugs it’s kind of difficult to recommend a Tata ev to any one be it even the best tech auto enthusiast 👉🏻 Yes,early tech could be issues but it’s time now,if it’s now it’s not ever,yes machines do fail,issues come yes Tata motors have addressed them yes there will be unsatisfied customers as well agree 👍 but it’s the response that matters We can have a feedback it’s u people are who have to take it : ✅ Introduce a Battery extended warranty for owners who have got HVC errors or replaced batteries 🪫 even beyond the scope of gambit atleast keep it to 1.50 lakh km. ✅ Introduce a comprehensive buy back for early Ev owners certified 2nd hand electric vehicle market with paid extended battery warranties ✅ Introduce lifetime warranty for all your electric cars 🚗 it’s high time you do it ✅ Not seeking any discounts on Tata EV’s per se,but with battery prices we all know things can be done better especially with Punch-tiago EV’s ✅ Please 🙏 ask your dealerships to be proactive ,many are like that,but there is scope of improvement It’s vocal for local as they say we have to vocal about every thing good or bad All the luck for harrier.ev Regards Auto enthusiast"
42,For all EVs or only for TATA ?
42,its 5 for TATA EVs
43,Need to check with sc
43,There are good sc also
43,Which SC is this ?
44,3% u can get hv error
44,it is not a HV error
44,Getting Hv critical alert error What to do?
45,I use polycab 2.5 sq mm 3 core wire
45,Guys what's the price for a meter of 6 sq mm 3 core cable?
45,"For your 7.2 kW charger, what type cable did they use? 6 sq mm copper, 3 core, armoured?"
46,What's the range you get ?
46,What is the range you get?
46,what is the range you get ?
47,Which battery is Mahindra using?
47,This can with tata and mahindra too
47,And that too to mahindra
48,now we have group there
48,Then y u in this group???
48,What this in the group???
49,But after some time it started charging
49,and now it started charging again….
49,Is it not charging ?
50,Please DM me your number
50,Trying to call but no response from your end .. have DM you my number .. please call back
50,Can you please DM me the contact details
51,Punch and new nexon ev
51,Punch ev or nexon ev ?
51,I have punch ev not nexon ev
52,Great ! Loan @ what Interest rate?
52,That no interest loan is great
52,What is the ev loan interest rate?
53,"As long as the battery is under warranty, we are not suppose to repair it by any means. Be it the hardware side or the BMS software side. I don't know how TATA repairs a faulty battery pack. But there is absolutely no transparency in their warranty policies. No where it is mentioned that they will replace with a refurbished pack. Also no where it is mentioned they will give a new battery either! They just say, a ""similarly aged"" refurbished battery will be replaced. It is thoroughly tested and the customer need not worry. When I ask how do they concluded the ""age"" of the battery pack, they don't have a proper answer. Some say, based on the kms and age of its previous car, some say it is based on the SOH value. Both are un-reliable! SOH value can vary based on lot of factors. By changing a few cells, SOH can be boosted but it is not the right one! Kms of previous car is based on the car's odo reading and the service records available with TATA! This can also vary if the car got a ECU and cluster replacements before!"
53,"After my battery replacement I asked reply of for set of questions from TATA Motors. 1. How can the replaced battery be older than the existing battery? 2. What is the Warranty policy on HV battery replacement? 3. Whether TATA EV owners are eligible for new battery replacements? 4. How would I know the SOC of the replaced battery? 5. Why refurbished battery is fixed on my car? 6. Am I not eligible for new battery? If not inform me SOC of replaced battery. I did not get any reply. Then I posted the same in X, after which Tata motors have followed up the matter and connected me to CRM. To my surprise he told me they have installed refurbished battery for time being and my original battery shall be sent for repair and servicing after which they would fix the original repaired battery in my car. This matter was never told by SC people to me even I started shouting at them. I don’t know why TATA Motors is not replying point wise in email. State CRM could not also reply to set of questions. Why is Tata motors afraid to reply?"
53,"If the battery is replaced due to an accident by the insurance company, that replaced battery pack may not be covered under TATA motors warranty terms. One has to check with the insurance company about the new battery packs warranty. As of now the battery pack may still be supplied by Tata motors itself via the insurance company, but warranty of the new battery pack is not clear."
54,Is it there in Tigor??🤔
54,Will it for Tigor EV?
54,This is a Tigor EV
55,We should also get this by software update
55,Did u get that software update ?
55,Do they update the software after 7.5 km
56,Any update on Tesla India?
56,Tesla is not available in India
56,From Tesla's in US to Tesla in India
57,What about the warranty then?
57,How is it possible to do under warranty when warranty is over?😅
57,Is this your vehicle is in warranty..?
58,This may be earthing issue
58,But what about the earthing
58,And you have good earthing
59,"Hey there F, and welcome to TATA Tiago EV / Tigor EV All India Elite Club !!!! How are you?"
59,"Hey there P.​H, and welcome to TATA Tiago EV / Tigor EV All India Elite Club !!!! How are you?"
59,"Hey there 🦅, and welcome to TATA Tiago EV / Tigor EV All India Elite Club !!!! How are you?"
60,If Elon is nearby 😂
60,Yeah. But when you go work for Elon.....
60,Elon india and me 🤔
61,When we can get subsidy
61,Will u get any subsidy after that
61,but no subsidy on it
62,Are you booking today 🥳
62,Booking not opened how did you booked 😂
62,How to check booking no
63,What range are you getting on your Nexon Ev
63,Hi Nexon EV Max range?
63,Nexon Ev Max Range (City) ?
64,How to reset this ?
64,You have to reset it.
64,U have to reset it.
65,your nexon color is white ?
65,Will it be good on white color?
65,Hi.. just got confirmation from dealer for nexon ev .. I have booked teal blue colour now getting white colour option for sooner delivery(with in this week)…just to have opinion of group members .. blue or white… which look better… I opted out black from booking due to total back interior.
66,I got 33.8 km of range without AC in 14% of battery from 100% to 86% yesterday but as you guys can see wh/km is only 81.2 still i expected more range. Can anyone tell me how to calculate range using wh/km
66,The normal range is 180 km till 80% battery consumption. Remaining battery every 1 km it's consumption of 2 to 3% battery
66,"Nothing is wrong with your battery. If you can bring down the consumption to 125 wh/km, you will get 240-250 kms. Last 10% can give you 25 to 30 kms range."
67,Ok ...thank you so much
67,Ok thank you so much 🙏
67,Thank you for 5 ⭐️
68,I will say 200 and 300
68,"Yes, or else it is 200-220 max"
68,At 80-90 max range is 200-220
69,people who have done 40K in 1 year have not paid more than 15-20K i think
69,U can get a good one at 50k
69,"Yes, it should cost about 50k"
70,Brother you have to study why China is manufacturing hub.......tough government guidelines to penatrate Chinese market...Here modi has started make in india.....similar is followed strictly in China.......If any company want sell there products in China they have to set up manufacturing plant with significant share of Chinese government which helps government to control manufacturing premium segment no R&D only copy cat because manufacturing set up is in country.....cheap labour because no human value......import per bhi hai government can import from China but can't export due to tough laws towards import...abhi indian government import law tough kar de to public hi gaali China there is no democracy which Is the main reason of their growth.....it's big topic
70,Don’t import from china 🇨🇳.. not good qualiTY
70,but this is from china
71,I think its for wireless Android auto
71,Wireless apple carplay and android auto
71,Now it has wireless android auto
72,Anybody has experienced driving in water logging.. If Battery submerged in water will that impact??
72,How deep was the water?
72,That is for water .
73,"R , press the button below within 3 Minutes to be able to write in the group👇🏻"
73,"N K , press the button below within 3 Minutes to be able to write in the group👇🏻"
73,".... , press the button below within 3 Minutes to be able to write in the group👇🏻"
74,🔥👏🏻👏🏻👌🏻👌🏻 <This message was edited>
74,: <This message was edited>
74,👏👏 <This message was edited>
75,Tata nexon EV ( not max)
75,Its for Tata Nexon EV
75,Of the Tata Nexon EV
76,"Animation Not included, change data exporting settings to download. 10.6 KB"
76,"Animation Not included, change data exporting settings to download. 100.5 KB"
76,"Animation Not included, change data exporting settings to download. 6.5 KB"
77,No I will go for curvv ...
77,It's there from curvv ev
77,This is on the Curvv
78,The video is out ☝️🏽
78,"Check this video, video is 🔥"
78,Check this video A K
79,"Yes. However Nexon will charge at around 3KW, the same rate as when using the Nexon charger. It won't be any faster regardless of the capacity of the charger as Nexon is limited to max 3KW on AC charging. MG ZS can use the 7KW power of that charger."
79,can we charge nexon with 7.4 Kw
79,How much kw does Nexon ev max support for the fast charging at the max
80,I have booked max Xz+ lux
80,Which model buy Xz Or Xz plus tech lux?
80,Going to buy .. xz+ or XZ+ lux ..
81,क्या यह सही है की टाटा नेक्सों ev को 30% से 80% के बीच ही रखना चाहिए इसकी चार्जिंग को कभी भी 100 परसेंट नहीं करना चाहिए हर जगह वेबसाइट पर ऐसा लिख रहा है पर टाटा की तरफ से ऐसा कुछ नहीं बताया गया है कृपया कंफ्यूजन दूर करें
81,मेरे पास टियागो इवी एक्स.टी.एल.आर. है मैं हजार किलोमीटर में एक बार बैटरी को 10% से नीचे जाकर 100% चार्ज करता हूं. मैंने आज तक 91000 किलोमीटर गाड़ी चलाया है जिसमें मैं आज तक कोई तकलीफ नहीं हुआ है. 80000 किलोमीटर पर चारों टायर चेंज कराये है और आज भी 200 किलोमीटर तक की रेंज देती है यह मेरी बैटरी चार्जिंग केमिस्ट्री है मैं फास्ट चार्जर पर 95% से ज्यादा कभी चार्ज नहीं करता हूं
81,मैं तो नहीं सोच रहा.. मेरे पास तो स्टार्ट से 2004 से बोलेरो है... वह भी नहीं बेच रहा... पर यह कुछ अलग एक्सपेरिमेंट कर रहे हैं इसलिए घरवाले और रिश्तेदार से डिस्कस करने पर उनको अपने विश्वास में नहीं ले पा रहा.... क्योंकि मेरे लगभग सौ 100 किलोमीटर में कोई ev नहीं आई है अभी तक...
82,Is that guy on twitter?
82,No that's not what the tweet is about
82,Tweet. Yes or No 😂
83,You are getting this range in traffic conditions or highway driving?
83,City driving I'm getting 180-200 range.
83,range all depends on driving
84,Is it single phase ?
84,Does 7.2 kw need 3 phase connection or single phase
84,do we need single phase or 3 phase
85,What’s the tyre pressure you using?
85,Did you check the tyre pressure?
85,Tyre pressure for an nexon ev?
86,Anyone from ola service here?
86,All ola comes with ola battery pack already
86,Is this ola or what
87,RAT BITE cover h ?
87,Can be a rat bite.
87,Is this a rat bite? 🤔
88,is it max or prime
88,"No , I have prime"
88,This is for Prime not Max
89,This for NMC chemistry not LFP
89,Old one was NMC new one is LFP
89,did they said nmc or lfp?
90,ok scooter is this way
90,I'm using 9 yrs old scooter so I'm ready for EV scooter
90,When the scooter is new range will be less
91,"Let all those are happy with open stations please continue charging there only at all weather conditions So that we few who is really needful for a good infrastructure station gets a gun to use The pattern seen now is all good/greatly built stations are occupied /guns in use Even if there is a open station in those nearby vicinity So humble request to other ev users here who are happy with open stations ,please continue using the same 😜,please forget everything mentioned above😅 <This message was edited>"
91,"I don't think so Since mahindra ev team and design team have definitely seen greatly built stations with high kw machines from a major CPO here and definitely might have heard the user feedbacks on how it can attract more ev users into their facilities in all adverse weather conditions repeatedly But sadly this infrastructure design team even after spending a huge amount on these newer model stations ( a step which could have been easily done with a simple redesign or re alignment of that branding coverage which would have benefited ,is sadly omitted ) mayb their market research team have given feedbacks this is more than enough as far it's operational ( since it's not so cheap If I or people of similar mindset travel enroute and see a mahindra ev station vs another CPO built great stations, there is no reason to choose this station ) Hope other CPOs continue building great stations taking our feedbacks positively and let your results also be positive"
91,"Congratulations and electrosaur team ,keep up the good work ,continue building great stations in great locations 👏🏻 Also please feel free to share us the pictures and details of your existing stations /upcoming stations I have seen couple of your stations which are built greatly 👏🏻"
92,The range I am getting with my EV MAX. 👆
92,Basically if your daily running is less than 150 kms then EV prime is the best but if you go through more highway driving and less city driving then Max is the better option available. I am getting a range of 300 kms while my friend is managing around 200-220 kms
92,And getting only this range in ev max
93,2 years and 3 months
93,2 years and 2 months
93,In 2 years 2 months.
94,"Thanks, I will try that"
94,Thanks 🙏 will try that
94,Will try it Thanks 😊
95,Which is 5.4 km/kwh .. not bad
95,Today’s average is 5.2 km/kWh
95,And what is your wh/km consumption?
96,I don't have cruise control
96,i do not have cruise control
96,This is cruise control only
97,Is this because of cell balancing problem...??
97,"Cell balancing is a process used in multi-cell battery systems to ensure that all individual cells within the battery pack are charged and discharged evenly. It helps to maintain the capacity and performance of each cell, as well as prolong the overall battery life. In a battery pack, individual cells may have slight variations in their electrical characteristics, such as capacity or internal resistance. Over time, these differences can become more pronounced, leading to imbalances between cells. Some cells may get charged or discharged more than others, which can result in reduced overall battery capacity and potentially even damage to the cells. To prevent cell imbalances, cell balancing techniques are employed. The two common methods for cell balancing are passive cell balancing and active cell balancing: 1. Passive cell balancing: This method uses passive components, such as resistors or bypass diodes, to redirect current away from cells that are fully charged. It allows the other cells in the battery pack to continue charging until they reach the same level. Passive balancing is typically slower and less efficient than active balancing. 2. Active cell balancing: Active balancing involves actively redistributing energy between cells to equalize their state of charge. This is typically done using electronic circuits or specialized balancing chips. Active balancing is more effective in achieving precise cell balancing but can be more complex and may require additional components in the battery management system. Regarding the suggestion to always charge a battery to 100%, it is not generally recommended for lithium-based batteries, including LFP batteries. While occasional full charges can be beneficial to recalibrate the battery's state of charge estimation, regularly charging a lithium battery to 100% can contribute to increased stress on the cells, potentially leading to faster degradation over time. To optimize the lifespan of lithium batteries, including LFP batteries, it is generally advised to charge them to around 80% or 90% of their capacity for regular use, as this can help reduce cell stress and prolong overall battery health. However, occasional full charges or ""topping off"" can be done to balance the cells and recalibrate the battery's state of charge estimation. It's worth noting that specific battery chemistries and manufacturers may have their own recommendations for charging and cell balancing, so it's always a good idea to refer to the manufacturer's guidelines and recommendations for your specific battery model."
97,How to do Cell Balancing ??
98,I was charged toll in mumbai pune expressway doesn’t ev have toll exemption in Maharashtra???
98,Anyone knows when EV cars will be toll free on mumbai-pune expressway??? they are still charging the toll
98,They are charging for toll
99,What about insurance rsa ?
99,Rsa is for 3 years?
99,Will have to call rsa
100,Even your MG ZS EV ..
100,How is your MG ZS EV
100,In mg zs ev ??
101,There is a WhatsApp group?
101,I mean if people request a telegram group then will do that instead of WhatsApp
101,Are you not in the owners telegram group ?
102,Have Kona with me for the day
102,Even Kona has the same issue
102,What is the price of kona?
103,What is your soc ?
103,And what's the SoC you are at??
103,From what SoC to what SoC??
104,What's the problem if you wash?
104,Can I Under Wash My Car?
104,and can we pressure wash the car
105,It will be done at the time of delivery
105,When are you getting delivery ?
105,And did you get the delivery?
106,"Yes, charging is not an issue but you need to ensure gun release button should work else gun will stuck in the car. If you can't unlock the car how will you release the gun"
106,May be the gun is not getting locked. Switch off and remove the gun. Now switch on the charger and insert the gun. It should work. If not then Pl tell.
106,Hi we are facing the issue with the ev fast charging gun locking When we connect the gun charging is not accepted and gun is not getting locked and if it gets locked then changing stops in 1 min and gun get stuck We had faced this problem one month back
107,Can you check trip A
107,I am also planning for a long trip .. that's y ..
107,Which route and trips done
108,Why there is sudden drop in battery percentage when it goes below 10%
108,We should not go below 10% battery ?
108,But battery should be below 20%
109,Only 5% GST is there on EV chargers
109,It's not again GST It's on that only GST.
109,And for EV the GST is 1%
110,Use Statiq app for the same😅
110,U can use the statiq app
110,This is the statiq app
111,"Yes, around 1 to 1.5 Lakhs"
111,That will cost you 5-6 lakhs
111,1) 7 lakhs 2) 9 lakhs
112,Then it's a software error
112,This is the error I'm getting
112,What is this error ?
113,plug heating issue is ur plug hot?
113,plug heating issue check plug is hot?
113,Plug heating issue. Check if the plug is getting hot
114,No in UP they are charging road tax for evs
114,How much was the road tax for you ??
114,Some that there will be no road tax.
115,Have you check this in plugshare app?
115,You can check in PlugShare app
115,This is from plugshare app
116,What all to check on PDI
116,We can go for pdi??
116,Have u done PDI ??
117,After getting repair also no use of it
117,May i know what is that one repair?
117,good that it was replaced....usually they repair it and give it back
118,Yes for ev car charger meter
118,"No, it's a separate meter for EV"
118,We can get separate meter for ev
119,I want every news article
119,Check this News Article 👆
119,Was in some news article on that 😂
120,Is UP EV subsidy still there or not
120,What about subsidy in Tiago EV
120,Is there any subsidy ?? On ev ?.
121,Why they used one at Audi?
121,I don't know about eqc but Audi can take more than 200 kw
121,"If Model 3 has more than Rapid, I guess it must be more than Model's ""supposed"" competition.. Merc, BMW n Audi"
122,What filter are you using?
122,They have changed the car ac filter in this service
122,there's a filter use it
123,Extended warranty is for 2 years
123,It is in extended warranty as of now..
123,if i have extended warranty then
124,What was the speed of your vehicle
124,at what speed do you drive?
124,At what speed do you get it?
125,I think it's available with harrier ev
125,It will come in harrier ev
125,There's Harrier ev as well.
126,Which Location you can share ?
126,which location is that at
126,Which location are you in?
127,can we charge the vehicle during rain?
127,can we charge during rain
127,Will there be any issues while charging EV during rain in open parking? Any experience of charging during rain??
128,in second service do we need to have gear oil change
128,Gear oil is nothing but transmission oil
128,Gear oil did they change?
129,Don't drive with turtle mode
129,Turtle mode is different from HV alert. Turtle mode is when you are low on battery (5%).
129,Turtle mode below 15% with HV error ? Or only turtle mode?
130,got red light blinking and green light also blinking…but charging is happening
130,got red light blinking and green light also blinking but charging is happening
130,If you have red and green light blinking and vehicle is charging too
131,Why you do this mg
131,I think 4-5 in mg
131,That's the same as mg!
132,IRA.ev is the new app for EV
132,This is ira ev app.
132,It's also there in IRA app
133,So it's bms update issue only
133,Is there a new BMS update???
133,BMS should be update. 😀
134,@NCBirbhan it was just an update?
134,@NCBirbhan what do you say
134,Who is this ? @NCBirbhan
135,Sagar Motors in Delhi or G. Noida?
135,Sagar motors which place sir.
135,Do it for Sagar Motors
136,Any one know about Garware Sun control film for front glass? Which code is preferable?
136,In windshield minimum 70% transperent film is allowed as per Law Other glass 50%
136,"For those who want to apply Garware Ice cool sunfilm on their car. This is a premium film and very transparent. I applied for windshield too, so 2 roles I bought. And for rear glass I went for Garware basic film. Other stores quoted me 11.5k Nashik Phata, Pune."
137,No 15 amp socket yet
137,Any 3 pin socket means 5 amp socket also or only 15 amp socket?
137,The question is.. is it safe to connect 6 amp charger to 6 amp plug point. Getting 16 amp plug is not always easy. Will 6 amp plug from home heat or burn. The gist is 16 amp home socket support 13 amp EVSE with out any problem... Can 6 amp home socket support 6 amp EVSE if socket is from branded companies and underlying cable size is as per standards
138,Can you please share the pics?
138,Can you share a pic?
138,Can you please share the pic?
139,Go for Petrol Car 👍
139,No petrol or diesel ever
139,"Let's say diesel is 8, petrol is 10"
140,I have open car parking
140,Do you park car in open parking?
140,Only parking is an issue
141,Join this group we you want to file consumer court case
141,And go to consumer court
141,Please go to consumer court.
142,The rate for this meter is like normal meter?
142,I just check on meter
142,Yes it’s from my meter
143,Tpms not working on my nexon
143,I think it's for TPMS.
143,You can just reset the tpms.
144,Will check it out. Thanks
144,"Let me check, if I can get."
144,That I didn't check...let me check
145,Had to switch off the car lock the car wait for 5 mins and start again and it did
145,If i turn off vehicle will I able to start
145,Do off the car and start after some time
146,"A startup from Chandigarh started around 2014 from scratch. They have gotten Rs 240 Crore till now and give Amazon India electric trucks. This startup, called Evage Ventures, is confident that their locally designed electric vehicles will change how things are delivered in India. They worked hard for eight years, got over 20 patents, and made their first model with the help of companies who will use them, like big online stores and delivery companies. These electric trucks will cost less to use than normal ones, which is good for the people who buy them. The CEO, Inderveer Singh, says their goal is to make them 25% cheaper to use than regular trucks. They started in 2014 when electric vehicles weren't common. They had to learn a lot and talk to delivery drivers to understand what was needed. Their final product was made with the input of early customers like Amazon India. Evage's electric truck is different from others. It's made with special materials and is designed for lightness and strength. It's also the only one built on a special platform. They made everything from the motor to the battery themselves. The market for small electric trucks in India is big. They've raised $28 million from investors to build their trucks and meet the demand. #startup #electric #emotors"
146,"* - 2000: Virtually zero EV sales - 2010: ~17,000 EVs sold worldwide - 2015: ~550,000 EVs sold worldwide - 2020: ~2 million EVs sold worldwide - 2022: ~6.5 million EVs sold worldwide *China's EV Market:* - 2010: China accounted for ~10% of global EV sales - 2015: China became the largest EV market, with ~250,000 EVs sold - 2020: China accounted for ~50% of global EV sales, with ~1.3 million EVs sold - 2022: China remained the largest EV market, with ~3.3 million EVs sold *India's EV Market:* - 2010: India's EV market was negligible - 2015: India saw ~1,000 EVs sold - 2020: India sold ~30,000 EVs - 2022: India sold ~60,000 EVs If you'd like to visualize this data, I recommend checking out: 1. International Energy Agency (IEA) reports on electric vehicles 2. BloombergNEF (BNEF) electric vehicle outlook reports 3. Government of India, Ministry of Heavy Industries and Public Enterprises reports on electric vehicles"
146,To make EVS a future in India
147,"Yes, I requested for towing service in morning, they said only front wheel towing is available and if any damage is there while towing, it's on me."
147,Is towing the only option now?
147,Will need towing to service centre
148,You can add them in the CPO group.
148,One CPO or all ?
148,That too from the same CPO
149,Test drive is also available now
149,When are you going to test drive?
149,How to get test drive
150,Do you use 7d mats?
150,Floor mats I’m using 7d floor mats
150,Floor lamination not recommended... Go with 7d mats instead..
151,Hope we get maruti rfid card before tata.ev rfid card😂😂
151,How to get rfid ?
151,How to get RFID card for charging?
152,get wheel alignment balancing done outside
152,Wheel alignment and balancing issue
152,Not balancing... It's wheel alignment
153,Better to go around 40-50.
153,Not 1 on 100 . 10 - 20 on 100
153,Below 40 or 30 is fine
154,KYC done by the dealer?
154,They have done the kyc
154,I think KYC..... Ask dealer to do your KYC
155,Not if you take the subscription
155,This is on subscription only .
155,Did you renew your subscription ?
156,"We mean govt, not me"
156,That was to state govt 😅
156,Now its same govt for 5 years
157,Should i go for after market?
157,Trying to sell in after market
157,Can we get the in market..???
158,But how is that possible?
158,Yes it's very much possible
158,Yes i have it but not used much.
159,Yes but what is the voltage?
159,Then it is voltage issue
159,"Check voltage, may be due to low voltage"
160,Don't spam Admin please Block
160,@admin ... spam.. pls remove
160,"@admin this is spam, please remove this"
161,For dark edition by default u will get leather seats so in Fb group and even car zone and showroom people suggested me to not install any seat covers for dark edition because it will generate more heat if u use seat covers on top of leather seats
161,Please someone suggest me some good seat covers for ventilated seats
161,"Has anyone had a seat cover for max? Since it's a ventilated seat, can we have a seat cover? Any specific cover for this?"
162,r u going to Jio-BP?
162,Jio bp also r there.
162,They have Jio bp app
163,You own a windsor too??
163,Windsor windsor windsor why did they make it look so weird sir
163,You can also see MG Windsor
164,Hydrogen cars work by fuel cell
164,We need a new group too for hydrogen vehicle
164,Only possible is hydrogen fuel cell or hydrogen engine
165,"Close you Paytm Fastag, online through Paytm app"
165,Which fastag is better after Paytm?
165,What about paytm fastag balance?
166,"For Height upto 5'6"" Back seat is comfortable"
166,Hope rear seat comfort and under thigh support will be taken care now atleast...
166,Yes. Same here. Front driver seat can lower seat if it’s top model… but rear seat no solution
167,Yes zeon is the best
167,I think it's Zeon now?
167,Zeon app u can see it
168,Do you have the EV TMSC app?
168,This is from EV TMSC App.
168,If you have EV TMSC app
169,in slow charging or fast charging
169,Slow charging or fast charging?
169,Slow charging or Fast Charging?
170,But CCS and CCS2 are different
170,"For ccs2, it's type 2"
170,Why CHAdeMO 😭. Could have been ccs2 + ccs2 + type 2
171,It should launch at 3
171,But when’s the launch? 🤣
171,I was at the launch
172,Is limp mode on car?
172,car is in limp mode
172,Is it on limp mode
173,"It is, see green number plate"
173,Still no number plate 🤔
173,Have you got your number plate?
174,Is subsidy available in Maharashtra?
174,Is there any subsidy in delhi
174,No subsidy in Delhi now
175,it is showing earthing on charger?
175,to see if its earthing or charger...
175,And need earthing for Charging
176,No this is Model S
176,Model 3! Is that you?
176,2 Model S 4 Model X
177,I want to check that by any means ON BOARD charger identifies charger and decide charging current. If tata has reduced default charging current than using 7.4 kW public charger will also charge at 2.6 kW like portable charger before update it was charging at 3.1 kW on public charger. Default tata portable charger is approx 2.9 kW.
177,I have 7.2 kw charger which is running in 3.2 kw because of meter is only 6kw I applied for 10 kw. Then after tata will start charger at 7.2 kw
177,If you opt for 7.2 kW ac charging model you will get a 7.2 charger worth 50k. If not your car can still charge at 7.2 kw at any other type charger but tata will not give 7.2 kw ac charger.
178,What is the cost of Tiago ev extended warranty..
178,What is the cost for extended warranty of Nexon ev?
178,Anyone extended warranty of Tiago EV
179,"Anyone from Delhi,who can help me to buy Nexon ev"
179,"Hello, any owner of Nexon EV from delhi here ?"
179,Any group of nexon ev owners from delhi ?
180,Hyundai and Kia doing some good work
180,Hyundai and Kia will do good in EVs
180,And Kia. Same as Hyundai.
181,What was your wallet balance?
181,One more app... Needs to add money in it's wallet....why not connected to UPI payment??
181,Do I need to add money in wallet
182,"🤔 i think that difference is higher than 2.5L, no?"
182,not more than 4 or 5L
182,I think they will pay me around 5L
183,Tpms error. Check tyre pressure
183,TPMS. Check tyre pressure and reset it
183,Its for tyre pressure (TPMS)
184,Soc after charging to 100%
184,Latest advice is not to deep discharge below 10% soc and always charge above 10% soc
184,Deep discharge below 10% soc once a month and always charge full to 100% too
185,"Yes, i have the max."
185,You have the Max now?
185,This is only for max
186,With 6 airbags on all models now
186,"So we need 6 airbags, here we go: Dual in the front Two Knee airbag for each passenger in the front. 6 Airbags done. 😎"
186,Not a good time to add 6 airbags also
187,Wishing you all and your family a very Happy and Prosperous Diwali 🎉🎊
187,Wishing everyone happy Diwali too
187,Wishing you and your family a Very Happy Diwali ☀️☀️
188,Can anyone suggest a voltage stabilizer for Nexon EV..?
188,why you need a stabilizer?
188,That's voltage issue.. you need stabilizer then
189,how much 3rd service will cost ?
189,What about 3rd service cost
189,What is the cost for 3rd service?
190,Not the facelift before that
190,for which Nexon EV? Facelift?
190,No nexon 3.0 facelift one
191,8 years warranty on Battery
191,Battery is in warranty for 8 years.
191,Battery warranty is for 8 years
192,Only 4 rupee per unit
192,This is @1 rupee per unit
192,Zeon 29.4 rupees per unit Statiq 14.2 rupees per unit
193,How many kms for first service?
193,After 3 free service at how many kms need service of the car to be done ?
193,1st service at 2 months or 2000 kms. Whichever is earlier. 7500 kms or 6 months is 2nd service.
194,Ask SC for a loaner car
194,Did you get any loaner vehicle?
194,Did you get a loaner car?
195,Maruti is a new one
195,What is it about Maruti
195,Only Maruti as of now
196,Not possible if RTO is already done
196,What does rto have to do here?
196,Do you have an RTO in the same city?
197,green and red light is blinking
197,"Red light blinking, what is that I need to do?"
197,Red light blinking or just on?
198,What would be the ARAI range of model 3?
198,2. Range will be ARAI -30%
198,Arai range or not don't know
199,It's same for all. No discount at all.
199,How much discount you got?
199,Did you get any discount ?
200,Any EV owners from Hyderabad in this group?
200,Any group for delhi ncr ev owners
200,Is there any group for mumbai ev owners?
201,Car scanner app and any obd 2 will work
201,Is this using obd scanner?
201,Obd 2 and car scanner app
202,They have only one model
202,Which model you have ??
202,Base model to top model
203,What could be reason for fire?
203,which company car got fire ?
203,and the reason for fire
204,Yeah. Now there's no limit
204,As in? You set that limit?
204,What is the limit ?
205,How much is your load
205,What is the load you have
205,How much is the load??
206,Does anyone know the rear wiper size of the new Nexon?
206,What is the wiper size for tigor ev?
206,"This is not a issue with the wiper. Rather the wiper arm alignment. I had the same problem when my car was delivered. The driver side wiper would hit the passenger side wiper, the driver side wiper eventually broke. I had to get it replaced with a smaller wiper on the highway. Later when I checked at the SC, that’s when they discovered that the wiper arms were not correctly aligned. They fix it in a couple of minutes"
207,They have some bike i think
207,Think that in a bike
207,But it's on a bike
208,Free charge then free money
208,When will you be free
208,but it will be free 😉
209,Has anyone installed alloy wheels?
209,Anyone installed alloy wheels on EV?
209,Hello. I have a tigor ev. Wanted info on ally wheels. Has anyone put alloy wheels in their ev. Are the ev alloy wheels different from normal alloys?
210,"1. Understand the Rule Change Clearly Earlier: Karnataka had 0% road tax for EVs. Now: The government has introduced a road tax on EVs, and the RTO system may show tax payable at the time of transfer (ownership change), even if the first buyer originally got the exemption. This does not automatically mean you owe the tax — it means the system needs clarity on whether the exemption applies to the transfer as well. --- 2. What You Should Do (Step-by-Step) Step 1: Carry Original Invoice + Tax Receipt (0 tax) The RTO needs proof that your vehicle was purchased during the tax-exemption period. Take: Original purchase invoice Form 20/21 (from dealer) Any document from dealer showing “Road Tax = NIL” This helps the RTO officer confirm the exemption. --- Step 2: Visit the RTO and Ask Them to Update “Tax Exempt Vehicle” Flag When the exemption was active, RTO flagged EVs in the system as “Tax Exempt”. After the new rule, some older EV entries lost the exemption flag during system updates. Ask them to: Re-validate tax exemption for your VIN Mark the vehicle as exempt under the old notification date This removes the tax liability during ownership transfer. --- Step 3: Carry the Notification / Circular If needed, carry: Transport Department circular (Govt of Karnataka) that granted 0% tax for EVs purchased before the amendment. RTO officers are familiar with this, but having a soft copy helps speed things up. --- Step 4: Have the Buyer’s RTO Re-Verify If you and the buyer are in different RTO jurisdictions, the buyer’s RTO may again raise the tax flag. Solution: Ask the buyer to mention in their application: “Vehicle purchased during tax-exemption period. No tax applicable as per notification dated 27-September-2017 This ensures the receiving RTO process matches your exemption. --- 3. If the RTO Insists Tax Must Be Paid Rare, but can happen if they misinterpret the updated rule. If they say tax must be paid during re-registration, you can: Politely ask for the rule reference where retrospective tax is imposed Point out that taxation cannot be applied retrospectively on a vehicle purchased legally under exemption Request escalation to: RTO Inspector (RI) Motor Vehicle Inspector (MVI) RTO ARTO / RTO Officer Most cases get resolved at this level."
210,karnataka just has 0 road tax
210,7+L road tax in KARNATAKA
211,BYD ATTO 3 and more to come.
211,is byd atto 3 good ?
211,Byd atto 3 is at 0%
212,"No, they got the data"
212,How can you get this data?
212,Is this the data ?
213,Yes they know as it's the same showroom
213,Just do this at showroom and see 👆🏻😂
213,which showroom / SC ?
214,TML has 2 years warranty
214,Tml has 2 years warranty
214,🥲 Now think the same for TML
215,What’s the issue? Gun not locking?
215,Even after connecting the gun it says gun not connected properly
215,Also is the gun connected to the car?
216,Who the f will test
216,he will be testing that day
216,They are testing it i think
217,cell balancing on charging I guess....
217,Cell balancing to be done only with slow charger.
217,Charge till 100% for cell balancing
218,Has anyone got battery replaced for HV critical error?
218,Hv error Some fault with hV battery
218,Hv Battery has charge ?
219,I just bought a pre-owned nexon EV XZ plus It's giving a range of only 150-160 km in one full charge Should I get the battery checked? Will they replace it or is it normal? The company claims 350 km range and the 1st owner said it gives a range of 215 km
219,Nice article.. I have a curious problem.. I have a Nexon EV Max 2023 Model. From 100 % Charge to 30 % it gives me a range of about 3 Km per 1 percent charge ie about 210 to 220 km. However as soon as the car reaches 30 percent the range drops to about 1.2 km per percent of charge. In fact I found that despite showing a range of 90 km with 30 percent battery it only gave me about 36 km as a result of which I got stuck on the road and had to be towed home. Do you think it is a BMS problem or a battery balancing problem??
219,Full charge getting 240 km range with Ac on tata nexon how is that car is 5 months old
220,Jio bp also has auto charge
220,"Check out ""Jio-bp pulse Charge"""
220,Are jio bp pulse chargers good?
221,Can u share that link?
221,Can u share a link
221,Can you share a link
222,Then you will get in March
222,Feb ending to march 1st week
222,Feb end / March first week
223,Check out the MG Comet as well
223,Is there any group for MG Comet Ev?
223,I think MG Comet is there.
224,Any petrol pump close by?
224,Don't pump me too much😂😂
224,Like in petrol pump 🤣🤣🤣
225,This is case of Indian cars....
225,In most Indian cars it is the
225,"Wipro has partnered with the Indian Institute of Science (IISc) and RV College of Engineering to develop and test an indigenous autonomous car prototype for Indian road conditions. The initiative, known as the Wipro-IISc Research and Innovation Network (WIRIN), recently unveiled its driverless car prototype in Bengaluru. Startups Say India Is Ideal for Testing Self-Driving Cars ... Key details of the project A ""Made in India"" car: The vehicle features self-driving technology developed entirely within India, specifically designed to navigate the country's unique and complex traffic environment. Advanced AI and sensors: The car uses artificial intelligence (AI), advanced sensors, cameras, and smart algorithms to perceive its environment, identify road signs and traffic signals, and react to pedestrians. Focus on Indian roads: The technology is being built from the ground up to tackle specific challenges, including a lack of lane discipline, potholes, cattle crossings, and erratic pedestrian movement. Demonstration: A prototype of the driverless car was recently demonstrated on the RV College of Engineering campus in Bengaluru, where it operated autonomously. A video of a seer from Uttaradi Mutt riding in the car went viral online. Wipro's broader role in autonomous technology Beyond this specific Indian project, Wipro has been involved in developing autonomous technologies for several years. Wipod autonomous vehicle: Wipro has developed its own Level 5 autonomous reference platform called ""Wipod,"" which acts as a ""computer on wheels."" It is used to test and showcase the company's autonomous systems. Global solutions: Wipro's expertise includes end-to-end system integration for autonomous vehicles (AVs), covering computer vision, sensor fusion, path planning, and navigation. Simulation platform: The company has created a ""Self Driving Vehicle (SDV) in a box"" simulator. This global-scale tool is used to test and validate AV navigation algorithms in challenging, real-world scenarios with varying weather and time-of-day conditions. Autonomous Valet Parking (AVP): Wipro has also pioneered a cost-effective autonomous valet parking feature as part of its AI Algostack suite. This solution uses only cameras and radars, and has been tested in its simulator for various parking scenarios. International partnerships: In 2023, Wipro's Engineering Edge business line announced a partnership with U.S.-based Spartan Radar to enhance its ""Cloud Car"" platform with advanced assisted and automated driving solutions."
226,80+ voted now. Pls vote if you haven't. Will close this poll this week.
226,See this poll so far. 100%
226,Sure. Start poll on that
227,How many days you had to keep the car at the service centre?
227,Car is in service centre
227,Now the vehicle is at service centre
228,How much is the AEC now??
228,Good .. WHAT ABOUT AEC ?
228,There you will see AEC
229,I think after d2n issue this I a new issue
229,You got d2n issue ?
229,What is D2N issue ?
230,How much FC and SC
230,I don’t think it is at all FC
230,How to do FC ?
231,Bcz 30kw charger for a 50kw pack is not a very charger
231,It doesn't support 50KW. The maximum charge rate on Max is 30KW.
231,I got only 30kw from 50kw charger
232,will try jump start is jump start safe ?
232,Can we jump start an EV ❓
232,U need to jump start
233,Did u tried negative terminal
233,Did u remove negative terminal?
233,What is this Negative terminal
234,Creta ev is also coming
234,Creta EV is going good
234,Creta EV will change it!
235,"Like it or not, sir, that is the case with all new tech"
235,Where is such tech when we need it😭😭
235,that's a given for new tech
236,tata motors toll free.vcf (file attached)
236,Key Motors Service.vcf (file attached)
236,EV Customer No.vcf (file attached)
237,Will go for xuv 700
237,Have u booked XUV 400 ?
237,XUV 400 ev it is
238,Where will this be installed?
238,How to get it installed.
238,They only did the installation
239,"If you drive only around 6k km per yr ,then extended warranty can actually be worth it for you.bcz in 6 years it will be only around 36k to 50 km,which is far below the 1.6 lakh km limit. so you will be able to use the full 6 years warranty period if you take the extended warranty. for low yearly usage like yours, extended warranty makes more sense since the km limit won’t be reached early"
239,Extended warranty for 2 years or 1.25L km
239,Replaced under warranty. Standard warranty is 1.6L kms in 8 years and extended warranty is 2.5L kms in 8 years.
240,The DTE is erratic even from the beginning. I always ignore the DTE. But these days I'm getting almost perfect DTE.
240,Don't go by the dte.... Just see how much are you getting
240,What did dte show u?
241,So car in sc now?
241,No car is in SC.
241,No. Car is in SC.
242,Have you seen their design.
242,What do you guys think about design?
242,I didn't like the design
243,"Would you use an EV check-up for your battery in just 15 minutes? No guesswork, just AI. Engineers Shubham Hi Mishra and Ajay Vashisht have built EV Doctor. It’s an AI-powered tool that diagnoses battery health and safety issues smarter and faster than ever before. Here’s what makes it a game-changer: ✅Diagnoses EV battery health in 15 mins ✅No opening up the battery — fully non-invasive ✅Alerts mechanics to early signs of fire risk/failure ✅Puts cutting-edge AI in the hands of local EV garages ✅Boosts trust in India’s growing EV ecosystem Would you trust an AI to check your EV’s heart? READ MORE: #EVRevolution #BatteryInnovation #MakeInIndia #CleanMobility #GreenTech [EV, Green tech, AI, Gujarat, Startups of India, Tech Innovation]"
243,"Btw, just a thought, EV should have 2 set of batteries.. one for drive and other for AC. AC batteries can act as reserve batteries and range should be as per drive batteries...."
243,"Hi Sridutt abd welcome to the group! That’s a great question and an important one for anyone considering a pre-owned EV. You're absolutely right — since EVs are powered by batteries, the battery’s health and remaining lifespan are crucial factors to assess. Here are some key aspects to look for when evaluating a used EV: Battery Health & Warranty: Ask for the State of Health (SoH) report of the battery its available at dealership s at a fee and ideally it should be above 80%. Most manufacturers offer 8-year or 160,000 km battery warranty which comes earlier Check if it’s still under warranty or if there’s any history of degradation or replacement. Vehicle History Report: Like any used car, it’s vital to check service records, accident history, and how well it’s been maintained. With EVs, consistent charging habits also play a role in battery life. Charging Compatibility & Infrastructure: Ensure the EV supports charging options convenient to you — whether it’s home charging or access to fast chargers in your area. Software & Firmware Updates: Some used EVs might miss out on important updates that improve efficiency or fix bugs. Make sure it's running the latest version. Running Costs & Incentives: Even used EVs might be eligible for certain benefits like reduced road tax or insurance discounts in some regions. Check what applies to you. Let me know if you're considering any specific models — happy to help dig deeper! And guide u with my 23 years of experience in the Auto industry Regards Sachin"
244,Mostly the issue is of mud drying up near the actuator pin. So clean the area around the actuator pin. Pull and push the actuator pin few times to make it free. This will take care of the issue unless the actuator is faulty.
244,Get the actuator replaced under warranty.
244,I think it's the issue of actuator <This message was edited>
245,Where's the fuse box in Tigor EV?
245,Or if you know the fuse you can take the fuse out
245,Check fuse box for any blown fuse
246,This dent is no more on my car
246,there is a dent also
246,Is that a dent in battery?
247,Ask a good local electrician to do the same
247,Get it done by a local electrician
247,Any electrician can do it.
248,it'll be higher on Starlink I guess.
248,Is starlink a thing in india yet?
248,he is already getting to know that with starlink
249,This will NOT void your warranty. It is installed at Tata only
249,And tata motors doesn't give warranty
249,New warranty by tata is 2 years
250,I mean like google maps?
250,also u can use google maps always
250,How can we use Google maps?
251,Welcome to the club! 😂
251,Welcome to the club 😜
251,Welcome to the club 😁
252,One of my TaMo friend
252,Can you mail to tamo and check ?
252,At TAMO service station ?
253,I have also reset the trip
253,Have you reset the trip?
253,Reset trip A & B.
254,"You’ll have to go to the service center, it could be dust on the sensor or a faulty sensor."
254,I hope its not the sensor problem
254,"Where is this sensor, they changed sensor on cooling coil but sensor failed a day after installed"
255,Which model MAX sunroof is there
255,Do you have sunroof in your Tigor?
255,Only use for sunroof in India
256,"its's a rcbo , which is mcb+rccb combination"
256,There should be a MCB
256,that is rccb not mcb
257,You can see it in a bill
257,Will check in the bill
257,I don't have the bill
258,Is it available on amazon ?
258,they are available to buy from amazon
258,is it available on amazon
259,"LED lighting is so cheap, just light up the cabin"
259,i might go for ambient lighting
259,and ambient lighting was good
260,Which smart watch u are using ?
260,Wear OS smart watch and apple watch only
260,Smart watch connection was already there with my watch
261,"Yes even no was not able , but then it connected ..."
261,It is not showing as connected also??
261,Still not connected.....or working now ?
262,i have tried charging but i get hv critical error during charging as well
262,Hv error due to slow charger?
262,Anyone facing HV critical error after fast charging?
263,You getting 450x or not
263,"I was before. It was my first choice, the 450. But not the 450x"
263,Should have been just the 450 and the 450X
264,9th launch of SpaceX booster!!
264,We are going to Mars
264,His ultimate goal is mars. I.e. SpaceX
265,After registration it will be done
265,I don't think you can. Registration
265,i got my registration no
266,The dark edition has it.
266,Y not on Dark Edition??
266,you have Dark edition ?
267,This shows handbrake is on
267,Why would you use handbrake!?
267,handbrake down then handbrake up sometime this works
268,So any suggestions anyone has what can I do
268,please give suggestions in what to do
268,Any suggestions what can i do now
269,When did you buy the car??
269,When did you get your car?
269,When did you get your car ?
270,Suspension is not all great
270,Suspension is good for the price
270,Suspension of this car is good
271,This is a document that is speaking of one of the failures... Line isolation failure. For Tata EV this sort of failure is few and random. There were only three or 4 cable changes due to insulation failure. In our vehicle such failures occurs at high SoC. Most if not all failure showing hv critical alert that happened at low SoC was due to battery cell damage issue. Even at this point in time we should be having atleast couple of friends waiting for repaired battery. Those hv critical failures are not due to line insulation failure. Also we have hv critical induced during fast charging due to errors being logged and panel showing hv critical. For such errors SC removes the logged error. That also doesn't have anything to do with insulation...
271,car in service centre for HV critical error issue today Tata Motors people also visited
271,Is that HV Critical or different? TATA punch
272,Going uphill - Min Downhill - Max
272,R u driving downhill most of time ?
272,"Not a downhill,normal terrain <This message was edited>"
273,At least steering wheel side
273,Well. Did u have any problem in steering ?
273,Can't it be because of the steering
274,BYD shows in BYD app
274,This is for byd 😂
274,Yes. And so is BYD
275,What's the update of your car
275,Hello. My service advisor says there is a update available for my car. It’s. 2023 updated model. Anyone else got this update done? Can you please let me know what this update is for?
275,How did you get your car software update!
276,Or another ev with V2L
276,What is the cost of V2L in tata
276,Not sure if this car has V2L
277,Have you filled the form?
277,You will have to fill form
277,you have to fill the form in
278,Will Xev 9s would have similar issues with 9e?
278,Suggest you to take a test drive of Mahindra XEV 9E and XEV 9S.. easily you can take a decision
278,because i have booked xev 9e so was thinking of waiting or going with xev
279,"Oh thank you. So this is a sim based system ,as in the sim can be changed or a built in ,e-sim?"
279,As sim was not in use?
279,Can i change my car sim?
280,Which state you are in?
280,This is for which state?
280,This is for which state...
281,Please share the invoice once
281,"Yes, will share the invoice"
281,Can you please share your invoice?
282,Is the wiring in your home okay?
282,This one had wiring work going on
282,Not yet. Not sure about wiring if there would any change in wiring
283,Don't know which all have prismatic cells?
283,Prismatic or cylindrical ? Any idea?
283,prismatic cells are far better than cylindrical cells
284,That's means 60% top-up(20 to 80/15 to 85) definitely in 30 mins
284,40% to 12% in just 30 mins
284,10-80% in 56 mins ((80−10)×40.5÷100)÷(56÷60) ~ 30kwh/hr
285,What is Arun's thought about this
285,Arun will know better about it
285,Arun is mentioned in this 😳
286,Did you try Spanner 10?
286,Then use 10 no spanner
286,use the no 10 spanner
287,I also need to know that can we sit in car with ac while car charging
287,Can we sit and turn on AC while Charging?
287,Can i sit in my tata ev with ac on while the car is fast charging?
288,I this it’s not required
288,it's not required don't do that
288,Why is this required or when is it required
