Business_Category,Theme,Requested_Feature,Count
9,"Analysis of EV Charging Infrastructure Challenges and User Experience with Statiq, with implications for Tata Motors' EV customers.",Rollback or stabilization of Statiq charging rates to make EV charging more affordable and predictable.,18453
9,"Analysis of EV Charging Infrastructure Challenges and User Experience with Statiq, with implications for Tata Motors' EV customers.","Expansion of reliable charging stations, particularly on highways, to support longer journeys.",18453
9,"Analysis of EV Charging Infrastructure Challenges and User Experience with Statiq, with implications for Tata Motors' EV customers.",Improved accuracy of displayed range and real-time charger availability information on the Statiq app.,18453
9,"Analysis of EV Charging Infrastructure Challenges and User Experience with Statiq, with implications for Tata Motors' EV customers.","Better infrastructure and amenities at charging stations, including canopies for protection and adequate parking.",18453
9,"Analysis of EV Charging Infrastructure Challenges and User Experience with Statiq, with implications for Tata Motors' EV customers.",Increased responsiveness and presence of the Statiq team within community groups to address user issues and feedback.,18453
2,"Enhancing the overall Electric Vehicle ownership lifecycle by addressing critical deficits in highway charging infrastructure, charging station UX, app fragmentation, and post-purchase customer support.","Unified EV Charging App: A single, integrated aggregator app to locate, initiate, and pay for charges across all CPO networks.",17751
2,"Enhancing the overall Electric Vehicle ownership lifecycle by addressing critical deficits in highway charging infrastructure, charging station UX, app fragmentation, and post-purchase customer support.",Congestion and Idle Fees: Premium billing structures or penalty fees for vehicles occupying chargers beyond 90% SOC.,17751
2,"Enhancing the overall Electric Vehicle ownership lifecycle by addressing critical deficits in highway charging infrastructure, charging station UX, app fragmentation, and post-purchase customer support.","Physical ICEing Deterrents: Deployment of parking cones, automated barriers, or security guards at dedicated charging spaces.",17751
2,"Enhancing the overall Electric Vehicle ownership lifecycle by addressing critical deficits in highway charging infrastructure, charging station UX, app fragmentation, and post-purchase customer support.",BMS Software Accuracy: Enhanced Battery Management System (BMS) software calibration to prevent false SOC and wrong demand readings.,17751
2,"Enhancing the overall Electric Vehicle ownership lifecycle by addressing critical deficits in highway charging infrastructure, charging station UX, app fragmentation, and post-purchase customer support.","Better Ergonomics and Charging Hardware: High-quality, easy-to-handle charging guns and weather-protected stations.",17751
11,"Evaluating the Reliability of Public Charging Infrastructure, Connector Standards (CCS2), and Customer Experience Challenges in the Indian EV Ecosystem","Real-time, highly accurate operational status updates of CCS2 connectors within vehicle dashboards.",13440
11,"Evaluating the Reliability of Public Charging Infrastructure, Connector Standards (CCS2), and Customer Experience Challenges in the Indian EV Ecosystem","A unified, dedicated customer helpline or call center for immediate roadside charging support.",13440
11,"Evaluating the Reliability of Public Charging Infrastructure, Connector Standards (CCS2), and Customer Experience Challenges in the Indian EV Ecosystem","Flexible and universal payment options including integrated UPI, cards, and cash options.",13440
11,"Evaluating the Reliability of Public Charging Infrastructure, Connector Standards (CCS2), and Customer Experience Challenges in the Indian EV Ecosystem",Advanced search filters in charging apps to easily isolate reliable CCS2 fast chargers.,13440
11,"Evaluating the Reliability of Public Charging Infrastructure, Connector Standards (CCS2), and Customer Experience Challenges in the Indian EV Ecosystem","Premium highway charging hubs equipped with amenities like food courts, seating, and entertainment zones.",13440
4,"Strategic expansion, reliability, and optimization of highway EV fast-charging infrastructure to support long-distance travel.",Widespread rollout of Auto-Charge technology for seamless plug-and-charge convenience.,12031
4,"Strategic expansion, reliability, and optimization of highway EV fast-charging infrastructure to support long-distance travel.",Telescopic pricing models (exponentially higher rates above 80% SoC) and idle fees to reduce congestion.,12031
4,"Strategic expansion, reliability, and optimization of highway EV fast-charging infrastructure to support long-distance travel.",Postpaid payment models that allow users to pay conveniently after completing their charge.,12031
4,"Strategic expansion, reliability, and optimization of highway EV fast-charging infrastructure to support long-distance travel.","Charging stations equipped with basic customer amenities, restrooms, and dining options.",12031
4,"Strategic expansion, reliability, and optimization of highway EV fast-charging infrastructure to support long-distance travel.","Reliable, high-capacity dual-gun DC fast chargers (60 kW to 120 kW) on newly opened expressways.",12031
1,"Improving EV Charging Infrastructure Reliability, CPO Coordination, and Customer Experience",A unified RFID card or app supporting seamless roaming across multiple CPOs.,10584
1,"Improving EV Charging Infrastructure Reliability, CPO Coordination, and Customer Experience",Promotional discounts and festive offers from charging networks to incentivize usage.,10584
1,"Improving EV Charging Infrastructure Reliability, CPO Coordination, and Customer Experience",Solar-powered charging stations with battery storage to mitigate grid power interruptions in remote areas.,10584
1,"Improving EV Charging Infrastructure Reliability, CPO Coordination, and Customer Experience",Direct escalation channels and contact directories for CPO ground staff and customer care.,10584
1,"Improving EV Charging Infrastructure Reliability, CPO Coordination, and Customer Experience",Rapid geographic expansion of fast chargers into internal regions and underserved transit corridors.,10584
15,"Addressing operational bottlenecks in the public EV charging ecosystem, including hardware reliability (stuck connector guns), payment friction (delayed RFID cards), and the need for unified app-based charging control.","Direct charging initiation and native payment processing directly from the vehicle's companion app (e.g., Tata iRA).",9981
15,"Addressing operational bottlenecks in the public EV charging ecosystem, including hardware reliability (stuck connector guns), payment friction (delayed RFID cards), and the need for unified app-based charging control.",Real-time display of the charging curve and current occupant's target State of Charge (SoC) limit.,9981
15,"Addressing operational bottlenecks in the public EV charging ecosystem, including hardware reliability (stuck connector guns), payment friction (delayed RFID cards), and the need for unified app-based charging control.",Secure PIN/code-based confirmation on charger screens to prevent unauthorized stoppage and gun removal by third parties.,9981
15,"Addressing operational bottlenecks in the public EV charging ecosystem, including hardware reliability (stuck connector guns), payment friction (delayed RFID cards), and the need for unified app-based charging control.",Automated Auto-Charge functionality that starts charging seamlessly upon plugging in the gun without manual app intervention.,9981
15,"Addressing operational bottlenecks in the public EV charging ecosystem, including hardware reliability (stuck connector guns), payment friction (delayed RFID cards), and the need for unified app-based charging control.","Contactless tap-to-pay terminals on chargers supporting universal RFID cards, UPI, or credit cards.",9981
0,"Evaluating and Optimizing EV Public Charging Infrastructure Reliability, Interoperability, and App Usability for Seamless Customer Trips",Clear physical branding or painted app instructions directly on charging boxes to guide app selection.,7955
0,"Evaluating and Optimizing EV Public Charging Infrastructure Reliability, Interoperability, and App Usability for Seamless Customer Trips","Accurate, real-time 'offline' or 'faulty' status indicators on mapping platforms like PlugShare and eHub.",7955
0,"Evaluating and Optimizing EV Public Charging Infrastructure Reliability, Interoperability, and App Usability for Seamless Customer Trips","Widespread rollout of 'Autocharge' technology for automated, plug-and-play charging convenience.",7955
0,"Evaluating and Optimizing EV Public Charging Infrastructure Reliability, Interoperability, and App Usability for Seamless Customer Trips","In-app cost-comparison tools across collaborative roaming networks (e.g., ChargeZone, Gentari, Statiq) to select the cheapest provider.",7955
0,"Evaluating and Optimizing EV Public Charging Infrastructure Reliability, Interoperability, and App Usability for Seamless Customer Trips",Provision of temporary or permanent physical shades at charging hubs to protect vehicles and drivers from weather elements.,7955
6,"Enhancing Tata Power's Public EV Charging Infrastructure, Pricing Strategy, and Digital App Experience","Upgrade charging infrastructure to next-generation high-speed DC chargers (120 kW, 175 kW, to 240 kW).",6562
6,"Enhancing Tata Power's Public EV Charging Infrastructure, Pricing Strategy, and Digital App Experience",Seamless 'Auto-Charge' plug-and-charge functionality specifically optimized for Tata EV models.,6562
6,"Enhancing Tata Power's Public EV Charging Infrastructure, Pricing Strategy, and Digital App Experience",In-app self-service feature to deactivate lost RFID keys quickly.,6562
6,"Enhancing Tata Power's Public EV Charging Infrastructure, Pricing Strategy, and Digital App Experience","Clear physical signage/stickers on chargers detailing which third-party apps (Statiq, Chargezone, Zeon) are supported.",6562
6,"Enhancing Tata Power's Public EV Charging Infrastructure, Pricing Strategy, and Digital App Experience",Standardized roaming integration to easily register and redeem promotional Mega Charger discounts across partner apps.,6562
13,"Improving EV Charging Network User Experience through Mobile App Reliability, Feature Control, and Transparent Charger Power Output Tracking","An in-app self-service toggle to instantly deactivate, reactivate, or order charging cards without customer service intervention.",5914
13,"Improving EV Charging Network User Experience through Mobile App Reliability, Feature Control, and Transparent Charger Power Output Tracking","Dynamic, real-time display of actual available charging power capacity and active power-sharing limitations on multi-port chargers.",5914
13,"Improving EV Charging Network User Experience through Mobile App Reliability, Feature Control, and Transparent Charger Power Output Tracking","Interactive map legends with clear filters for nearby amenities, food options, and physical canopy protection.",5914
13,"Improving EV Charging Network User Experience through Mobile App Reliability, Feature Control, and Transparent Charger Power Output Tracking","An ONDC-style unified roaming platform to discover, monitor, and pay across different CPO networks using a single app.",5914
13,"Improving EV Charging Network User Experience through Mobile App Reliability, Feature Control, and Transparent Charger Power Output Tracking",Automated vehicle model profile validation to ensure accurate compatibility checks and prevent misidentified charging rates.,5914
8,"Evaluating Tata Motors' EV charging ecosystem, partner integrations (Statiq, Shell), digital coupon/API failures, and overall customer satisfaction amidst rising competition.",Seamless API integration with third-party charging networks for hassle-free promotional coupon redemption.,5812
8,"Evaluating Tata Motors' EV charging ecosystem, partner integrations (Statiq, Shell), digital coupon/API failures, and overall customer satisfaction amidst rising competition.",Direct in-car screen payment integration for Fastag and EV charging sessions.,5812
8,"Evaluating Tata Motors' EV charging ecosystem, partner integrations (Statiq, Shell), digital coupon/API failures, and overall customer satisfaction amidst rising competition.",Physical emergency latch overrides to easily disconnect stuck charging guns.,5812
8,"Evaluating Tata Motors' EV charging ecosystem, partner integrations (Statiq, Shell), digital coupon/API failures, and overall customer satisfaction amidst rising competition.",Load balancing capabilities on DC fast chargers to optimize multi-vehicle charging.,5812
8,"Evaluating Tata Motors' EV charging ecosystem, partner integrations (Statiq, Shell), digital coupon/API failures, and overall customer satisfaction amidst rising competition.",Tata-exclusive discounted charging rates seamlessly applied across all co-branded charging networks.,5812
5,"Enhancing Public Charging Infrastructure Reliability, Weatherproofing, and Charging Station User Experience",Overhead weather canopies and shelters specifically designed to protect users and vehicle ports during monsoon seasons.,4769
5,"Enhancing Public Charging Infrastructure Reliability, Weatherproofing, and Charging Station User Experience",Automated charging sessions with single-click start or auto-resume features to bypass manual configuration screens.,4769
5,"Enhancing Public Charging Infrastructure Reliability, Weatherproofing, and Charging Station User Experience","Improved headlight throw and wet-weather driving safety solutions, such as fog lights or optimized LED temperature options.",4769
5,"Enhancing Public Charging Infrastructure Reliability, Weatherproofing, and Charging Station User Experience",Integration of real-time charger status alerts that clearly state if a station is down due to local grid phase issues.,4769
5,"Enhancing Public Charging Infrastructure Reliability, Weatherproofing, and Charging Station User Experience",Enhanced battery temperature management allowing legacy EVs to maximize their specific theoretical charging speed limits.,4769
10,"Addressing EV owner anxieties regarding inadequate OEM headlights, warranty compliance risks of aftermarket modifications, and home/public charging challenges","High-performance, official OEM headlight upgrade options with better lumens and highway throw.",3706
10,"Addressing EV owner anxieties regarding inadequate OEM headlights, warranty compliance risks of aftermarket modifications, and home/public charging challenges",Standardized fog lamp availability or official retrofitting kits across all lower/mid-tier variants.,3706
10,"Addressing EV owner anxieties regarding inadequate OEM headlights, warranty compliance risks of aftermarket modifications, and home/public charging challenges","Flexible paid extended warranty packages (e.g., extending standard coverage to 5 or 6 years).",3706
10,"Addressing EV owner anxieties regarding inadequate OEM headlights, warranty compliance risks of aftermarket modifications, and home/public charging challenges","Clearer, transparent documentation on warranty limits and modified-part boundaries in the owner manual.",3706
10,"Addressing EV owner anxieties regarding inadequate OEM headlights, warranty compliance risks of aftermarket modifications, and home/public charging challenges","Robust, plug-and-play auxiliary-battery powered accessory options that do not risk voiding the powertrain warranty.",3706
7,"EV Public Charging Tariff Structures, GST Taxation Ambiguities, and Subscription Model Hurdles",Fully transparent invoices showing detailed tax breakdowns of energy consumed vs. service fees.,3492
7,"EV Public Charging Tariff Structures, GST Taxation Ambiguities, and Subscription Model Hurdles",Pay-as-you-go charging wallets with zero minimum balance requirements.,3492
7,"EV Public Charging Tariff Structures, GST Taxation Ambiguities, and Subscription Model Hurdles",Standardized tariff structures aiming for a sweet spot of ₹15 to ₹20 per unit inclusive of GST.,3492
7,"EV Public Charging Tariff Structures, GST Taxation Ambiguities, and Subscription Model Hurdles",Roll-over options for unused charging units on paid subscription packages.,3492
7,"EV Public Charging Tariff Structures, GST Taxation Ambiguities, and Subscription Model Hurdles","In-app unified billing across multiple charging partner networks (e.g., BESCOM, BPCL, Statiq).",3492
14,"Enhancing the Tata.ev ownership experience through strategic charging network partnerships, charging discounts, software integration, and premium post-purchase customer engagement.","Seamless, automated verification and auto-applied billing of Tata.ev exclusive discounts within partner CPO apps using vehicle registration details.",3020
14,"Enhancing the Tata.ev ownership experience through strategic charging network partnerships, charging discounts, software integration, and premium post-purchase customer engagement.",Full Apple CarPlay and Android Auto projection support for third-party CPO and charging aggregator apps.,3020
14,"Enhancing the Tata.ev ownership experience through strategic charging network partnerships, charging discounts, software integration, and premium post-purchase customer engagement.",Direct integration of partner charging subscription models and discount tracking inside the Tata iRA EV companion app.,3020
14,"Enhancing the Tata.ev ownership experience through strategic charging network partnerships, charging discounts, software integration, and premium post-purchase customer engagement.",Installation of dedicated 7.2 kW AC fast chargers across all Tata sales offices and authorized service centers.,3020
14,"Enhancing the Tata.ev ownership experience through strategic charging network partnerships, charging discounts, software integration, and premium post-purchase customer engagement.",Factory-fitted or factory-certified premium accessories (such as custom-fit trunk mats and perfectly integrated BSO kits) direct from the plant.,3020
16,EV Charging Payment Fragmentation and the Transition to Unified UPI Solutions,Direct UPI and UPI Lite integration at chargers to bypass virtual wallets completely.,2746
16,EV Charging Payment Fragmentation and the Transition to Unified UPI Solutions,"An automated, in-app 'Refund to Bank' button for unused wallet balances.",2746
16,EV Charging Payment Fragmentation and the Transition to Unified UPI Solutions,Unified EV charging payment aggregator or a single Tata-branded universal charging app.,2746
16,EV Charging Payment Fragmentation and the Transition to Unified UPI Solutions,"Auto-debit mandates linked to bank accounts, credit cards, or UPI for pay-as-you-go charging.",2746
16,EV Charging Payment Fragmentation and the Transition to Unified UPI Solutions,"Real-time, transparent wallet balance and transaction status updates displayed post-charge.",2746
3,"Evaluating Mahindra's EV expansion, infrastructure rollout, and service capabilities against competitive benchmarks like Tata Motors",High-capacity DC fast chargers (exceeding 150kW/180kW) compatible with high-voltage architectures.,2454
3,"Evaluating Mahindra's EV expansion, infrastructure rollout, and service capabilities against competitive benchmarks like Tata Motors",Exclusive charging discounts (up to 25-50%) and promotional loyalty perks for brand-specific EV owners.,2454
3,"Evaluating Mahindra's EV expansion, infrastructure rollout, and service capabilities against competitive benchmarks like Tata Motors",Open-access charging infrastructure across all OEM showroom networks to benefit the wider EV community.,2454
3,"Evaluating Mahindra's EV expansion, infrastructure rollout, and service capabilities against competitive benchmarks like Tata Motors","Simplified payment processing, including UPI integration, at manned EV charging stations.",2454
3,"Evaluating Mahindra's EV expansion, infrastructure rollout, and service capabilities against competitive benchmarks like Tata Motors",Stable software updates and robust testing of vehicle head units before public rollouts.,2454
17,"EV Charging Infrastructure Costs, Pricing Models, and Grid Load Economics","Transparent, real-time pricing trends and simplified billing breakdowns on charging portals.",2214
17,"EV Charging Infrastructure Costs, Pricing Models, and Grid Load Economics",Reduction in the minimum load amount required to initiate charging sessions.,2214
17,"EV Charging Infrastructure Costs, Pricing Models, and Grid Load Economics",Cost-benefit analysis tools for setting up and implementing charging stations at existing locations.,2214
17,"EV Charging Infrastructure Costs, Pricing Models, and Grid Load Economics","Streamlined, official procedures for upgrading sanctioned electrical loads in residential apartments.",2214
17,"EV Charging Infrastructure Costs, Pricing Models, and Grid Load Economics",Enhanced paint quality and superior anti-rust coating standards on vehicles to protect long-term resale value.,2214
12,"EV Long-Distance Highway Travel Planning, Charging Infrastructure Reliability, and Ownership Warranty Concerns","Comprehensive, real-time EV route planners for major state highways and district connections.",1933
12,"EV Long-Distance Highway Travel Planning, Charging Infrastructure Reliability, and Ownership Warranty Concerns","Clear, transparent guidelines on battery warranty clauses and damage assessment thresholds.",1933
12,"EV Long-Distance Highway Travel Planning, Charging Infrastructure Reliability, and Ownership Warranty Concerns",Automated service reminders aligned precisely with EV-specific usage metrics.,1933
12,"EV Long-Distance Highway Travel Planning, Charging Infrastructure Reliability, and Ownership Warranty Concerns",Peer-to-peer trip-sharing or live tracking features within EV community platforms.,1933
12,"EV Long-Distance Highway Travel Planning, Charging Infrastructure Reliability, and Ownership Warranty Concerns",Retrofitted interior or software upgrades for existing owners when facelifts are launched.,1933
19,"Enhancing Public EV Charging Infrastructure Reliability, Charging Speeds, and Operational Cooperation with Oil Marketing Companies (OMCs)","Real-time, active charger status monitoring and automated alerts for offline or shut-down charging hardware.",1827
19,"Enhancing Public EV Charging Infrastructure Reliability, Charging Speeds, and Operational Cooperation with Oil Marketing Companies (OMCs)","High-capacity DC fast chargers (80/90 kW to 120+ kW, using 300A) on major highway routes to reduce travel times.",1827
19,"Enhancing Public EV Charging Infrastructure Reliability, Charging Speeds, and Operational Cooperation with Oil Marketing Companies (OMCs)",Reliable Vehicle-to-Load (V2L) capability support and official user guides for emergency power use cases.,1827
19,"Enhancing Public EV Charging Infrastructure Reliability, Charging Speeds, and Operational Cooperation with Oil Marketing Companies (OMCs)","An integrated app-based trip-range calculator that automatically accounts for elevation, state of charge, and DC losses.",1827
19,"Enhancing Public EV Charging Infrastructure Reliability, Charging Speeds, and Operational Cooperation with Oil Marketing Companies (OMCs)",Simplified tire pressure monitoring system (TPMS) guidelines customized for EV battery weights to optimize steering and efficiency.,1827
18,"Optimizing EV Booking, Pre-Launch Reservation Systems, and Delivery Fulfilment to Mitigate Customer Attrition","Automated, instantaneous booking and transaction ID generation with SMS/WhatsApp alerts.",1373
18,"Optimizing EV Booking, Pre-Launch Reservation Systems, and Delivery Fulfilment to Mitigate Customer Attrition","A transparent, real-time vehicle delivery tracking dashboard within the customer portal.",1373
18,"Optimizing EV Booking, Pre-Launch Reservation Systems, and Delivery Fulfilment to Mitigate Customer Attrition",Dynamic charger booking management featuring a 15-minute cancellation/no-show release window.,1373
18,"Optimizing EV Booking, Pre-Launch Reservation Systems, and Delivery Fulfilment to Mitigate Customer Attrition",Flexible purchasing options including Battery-as-a-Service (BaaS) during the booking process.,1373
18,"Optimizing EV Booking, Pre-Launch Reservation Systems, and Delivery Fulfilment to Mitigate Customer Attrition",An option to upgrade home charging hardware (from 3.3 kW to 7.2 kW) during initial vehicle reservation.,1373
